airport_id,name,city,country,iata,icao,latitude,longitude,altitude,timezone,dst,timezone_name
1,Amsterdam Airport Schiphol,Amsterdam,Netherlands,AMS,EHAM,52.308601,4.76389,-11,1,E,Europe/Amsterdam
2,Budel Airfield Kempen,Weert,Netherlands,,EHBD,51.255299,5.60139,114,1,E,Europe/Amsterdam
3,Maastricht Aachen Airport,Maastricht,Netherlands,MST,EHBK,50.911701,5.77014,375,1,E,Europe/Amsterdam
4,Deelen Air Base,Deelen,Netherlands,,EHDL,52.0606,5.87306,158,1,E,Europe/Amsterdam
5,Drachten Airport,Drachten,Netherlands,,EHDR,53.1192016602,6.12972021103,14,1,E,Europe/Amsterdam
6,Eindhoven Airport,Eindhoven,Netherlands,EIN,EHEH,51.4500999451,5.37452983856,74,1,E,Europe/Amsterdam
7,Eelde Airport,Groningen,Netherlands,GRQ,EHGG,53.1197013855,6.57944011688,17,1,E,Europe/Amsterdam
8,Gilze Rijen Air Base,Gilze-rijen,Netherlands,GLZ,EHGR,51.5674018859863,4.93182992935181,49,1,E,Europe/Amsterdam
9,De Kooy Airport,De Kooy,Netherlands,DHR,EHKD,52.9234008789063,4.78062009811401,3,1,E,Europe/Amsterdam
10,Lelystad Airport,Lelystad,Netherlands,LEY,EHLE,52.4603,5.52722,-13,1,E,Europe/Amsterdam
11,Leeuwarden Air Base,Leeuwarden,Netherlands,LWR,EHLW,53.2285995483398,5.76056003570557,3,1,E,Europe/Amsterdam
12,Rotterdam The Hague Airport,Rotterdam,Netherlands,RTM,EHRD,51.956902,4.43722,-15,1,E,Europe/Amsterdam
13,Soesterberg Air Base,Soesterberg,Netherlands,UTC,EHSB,52.1273002625,5.27618980408,66,1,E,Europe/Amsterdam
14,Twente Airport,Enschede,Netherlands,ENS,EHTW,52.275833,6.889167,114,1,E,Europe/Amsterdam
15,Valkenburg Naval Air Base,Valkenburg,Netherlands,LID,EHVB,52.1660995483,4.41794013977,1,1,E,Europe/Amsterdam
16,Woensdrecht Air Base,Woensdrecht,Netherlands,WOE,EHWO,51.4491,4.34203,63,1,E,Europe/Amsterdam
17,Volkel Air Base,Volkel,Netherlands,,EHVK,51.657222,5.7077778,72,1,E,Europe/Amsterdam
18,Hilversum Airfield,Hilversum,Netherlands,,EHHV,52.191898,5.14694,3,1,E,Europe/Amsterdam
19,Texel Airfield,Texel,Netherlands,,EHTX,53.115299,4.83361,2,1,E,Europe/Amsterdam
20,Hoogeveen Airfield,Hoogeveen,Netherlands,,EHHO,52.730801,6.51611,40,1,E,Europe/Amsterdam
21,Teuge Airport,Deventer,Netherlands,,EHTE,52.2447013855,6.04666996002,17,1,E,Europe/Amsterdam
22,Midden-Zeeland Airport,Middelburg,Netherlands,,EHMZ,51.5121994019,3.73111009598,6,1,E,Europe/Amsterdam
23,Ameland Airfield,Ameland,Netherlands,,EHAL,53.451698,5.67722,11,1,E,Europe/Amsterdam
24,De Peel Air Base,Deurne,Netherlands,,EHDP,51.5172996520996,5.85572004318237,98,1,E,Europe/Amsterdam
25,Seppe Airfield,Bosschenhoofd,Netherlands,,EHSE,51.554699,4.5525,30,1,E,Europe/Amsterdam
26,Terlet Glider Field,Arnhem,Netherlands,,EHTL,52.057201,5.92444,276,1,E,Europe/Amsterdam
27,Andravida Air Base,Andravida,Greece,PYR,LGAD,37.9207,21.292601,55,2,E,Europe/Athens
28,Agrinion Air Base,Agrinion,Greece,AGQ,LGAG,38.602001,21.3512001,154,2,E,Europe/Athens
29,Dimokritos Airport,Alexandroupolis,Greece,AXD,LGAL,40.855899810791,25.9563007354736,24,2,E,Europe/Athens
30,Alexandria Airport,Alexandria,Greece,,LGAX,40.6511001586914,22.4887008666992,27,2,E,Europe/Athens
31,Nea Anchialos Airport,Nea Anghialos,Greece,VOL,LGBL,39.2196006774902,22.7943000793457,83,2,E,Europe/Athens
32,Elefsis Airport,Elefsis,Greece,,LGEL,38.0638008117676,23.5559997558594,143,2,E,Europe/Athens
33,Chios Island National Airport,Chios,Greece,JKH,LGHI,38.3432006835938,26.1406002044678,15,2,E,Europe/Athens
34,Ioannina Airport,Ioannina,Greece,IOA,LGIO,39.6963996887207,20.8225002288818,1558,2,E,Europe/Athens
35,Heraklion International Nikos Kazantzakis Airport,Heraklion,Greece,HER,LGIR,35.3396987915,25.1802997589,115,2,E,Europe/Athens
36,Kastoria National Airport,Kastoria,Greece,KSO,LGKA,40.4463005066,21.2821998596,2167,2,E,Europe/Athens
37,Kithira Airport,Kithira,Greece,KIT,LGKC,36.2742996216,23.0170001984,1045,2,E,Europe/Athens
38,Kefallinia Airport,Keffallinia,Greece,EFL,LGKF,38.1200981140137,20.5004997253418,59,2,E,Europe/Athens
39,Kalamata Airport,Kalamata,Greece,KLX,LGKL,37.0682983398438,22.0254993438721,26,2,E,Europe/Athens
40,Amigdhaleon Airport,Kavala,Greece,,LGKM,40.9728012084961,24.3414001464844,203,2,E,Europe/Athens
41,Kos Airport,Kos,Greece,KGS,LGKO,36.7933006286621,27.0916996002197,412,2,E,Europe/Athens
42,Karpathos Airport,Karpathos,Greece,AOK,LGKP,35.4213981628418,27.1459999084473,66,2,E,Europe/Athens
43,Ioannis Kapodistrias International Airport,Kerkyra/corfu,Greece,CFU,LGKR,39.6018981933594,19.9116992950439,6,2,E,Europe/Athens
44,Kasos Airport,Kasos,Greece,KSJ,LGKS,35.4213981628,26.9099998474,35,2,E,Europe/Athens
45,Alexander the Great International Airport,Kavala,Greece,KVA,LGKV,40.9132995605469,24.6191997528076,18,2,E,Europe/Athens
46,Filippos Airport,Kozani,Greece,KZI,LGKZ,40.2860984802246,21.840799331665,2059,2,E,Europe/Athens
47,Leros Airport,Leros,Greece,LRS,LGLE,37.184898,26.800301,39,2,E,Europe/Athens
48,Limnos Airport,Limnos,Greece,LXS,LGLM,39.917098999,25.2362995148,14,2,E,Europe/Athens
49,Larisa Airport,Larissa,Greece,LRA,LGLR,39.650253,22.4655,241,2,E,Europe/Athens
50,Megara Airport,Megara,Greece,,LGMG,37.9810981750488,23.3654003143311,12,2,E,Europe/Athens
51,Mikonos Airport,Mykonos,Greece,JMK,LGMK,37.4351005554199,25.3481006622314,405,2,E,Europe/Athens
52,Mytilene International Airport,Mytilini,Greece,MJT,LGMT,39.0567016602,26.5983009338,60,2,E,Europe/Athens
53,Aktion National Airport,Preveza,Greece,PVK,LGPZ,38.9254989624023,20.7653007507324,11,2,E,Europe/Athens
54,Maritsa Airport,Rhodos,Greece,,LGRD,36.3830986022949,28.1089000701904,204,2,E,Europe/Athens
55,Diagoras Airport,Rhodos,Greece,RHO,LGRP,36.4053993225098,28.0862007141113,17,2,E,Europe/Athens
56,Araxos Airport,Patras,Greece,GPA,LGRX,38.1511,21.4256,46,2,E,Europe/Athens
57,Chania International Airport,Chania,Greece,CHQ,LGSA,35.5317001342773,24.1497001647949,490,2,E,Europe/Athens
58,Skiathos Island National Airport,Skiathos,Greece,JSI,LGSK,39.1771011352539,23.5037002563477,54,2,E,Europe/Athens
59,Samos Airport,Samos,Greece,SMI,LGSM,37.689998626709,26.9116992950439,19,2,E,Europe/Athens
60,Sparti Airport,Sparti,Greece,SPJ,LGSP,36.9738998413086,22.5263004302979,500,2,E,Europe/Athens
61,Santorini Airport,Thira,Greece,JTR,LGSR,36.3992004394531,25.4792995452881,127,2,E,Europe/Athens
62,Sitia Airport,Sitia,Greece,JSH,LGST,35.2160987854004,26.1012992858887,376,2,E,Europe/Athens
63,Stefanovikion Air Base,Stefanovikion,Greece,,LGSV,39.48,22.7672,146,2,E,Europe/Athens
64,Skiros Airport,Skiros,Greece,SKU,LGSY,38.9676017761,24.4871997833,44,2,E,Europe/Athens
65,Tanagra Air Base,Tanagra,Greece,,LGTG,38.339802,23.565001,485,2,E,Europe/Athens
66,Kasteli Airport,Kasteli,Greece,,LGTL,35.192001,25.327,1180,2,E,Europe/Athens
67,Tripolis Airport,Tripolis,Greece,,LGTP,37.5306015014648,22.403600692749,2113,2,E,Europe/Athens
68,Thessaloniki Macedonia International Airport,Thessaloniki,Greece,SKG,LGTS,40.5196990966797,22.9708995819092,22,2,E,Europe/Athens
69,Tatoi Airport,Dekelia,Greece,,LGTT,38.1088981628418,23.7838001251221,785,2,E,Europe/Athens
70,"Zakynthos International Airport ""Dionysios Solomos""",Zakynthos,Greece,ZTH,LGZA,37.7509,20.8843,15,2,E,Europe/Athens
71,Eleftherios Venizelos International Airport,Athens,Greece,ATH,LGAV,37.9364013672,23.9444999695,308,2,E,Europe/Athens
72,Athen Helenikon Airport,Athens,Greece,HEW,LGAT,37.893299,23.726101,69,2,E,Europe/Athens
73,Astypalaia Airport,Astypalaia,Greece,JTY,LGPL,36.5798988342,26.3757991791,165,2,E,Europe/Athens
74,Ikaria Airport,Ikaria,Greece,JIK,LGIK,37.6827011108,26.3470993042,79,2,E,Europe/Athens
75,Kalymnos Airport,Kalymnos,Greece,JKL,LGKY,36.9632987976,26.9405994415,771,2,E,Europe/Athens
76,Milos Airport,Milos,Greece,MLO,LGML,36.696899,24.4769,10,2,E,Europe/Athens
77,Naxos Airport,Cyclades Islands,Greece,JNX,LGNX,37.0811004639,25.3680992126,10,2,E,Europe/Athens
78,Paros National Airport,Paros,Greece,PAS,LGPA,37.020495,25.113195,131,2,E,Europe/Athens
79,Kastelorizo Airport,Kastelorizo,Greece,KZS,LGKJ,36.1417007446,29.5764007568,489,2,E,Europe/Athens
80,Syros Airport,Syros Island,Greece,JSY,LGSO,37.4227981567,24.9508991241,236,2,E,Europe/Athens
81,Porto Cheli Airport,Porto Heli,Greece,PKH,LGHL,37.297501,23.1478,69,2,E,Europe/Athens
82,Belgrade Nikola Tesla Airport,Belgrade,Serbia,BEG,LYBE,44.8184013367,20.3090991974,335,1,E,Europe/Belgrade
83,Nis Airport,Nis,Serbia,INI,LYNI,43.337299,21.853701,648,1,E,Europe/Belgrade
84,Priština International Airport,Pristina,Serbia,PRN,BKPR,42.5728,21.035801,1789,1,E,Europe/Belgrade
85,Vršac International Airport,Vrsac,Serbia,,LYVR,45.1469,21.3099,276,1,E,Europe/Belgrade
86,Flugplatz Bautzen,Bautzen,Germany,,EDAB,51.193611,14.519722,568,1,E,Europe/Berlin
87,Altenburg-Nobitz Airport,Altenburg,Germany,AOC,EDAC,50.981945,12.506389,640,1,E,Europe/Berlin
88,Dessau Airfield,Dessau,Germany,,EDAD,51.831694,12.190962,187,1,E,Europe/Berlin
89,Eisenhüttenstadt Airfield,Eisenhuettenstadt,Germany,,EDAE,52.195856,14.58753,144,1,E,Europe/Berlin
90,Großenhain Airport,Suhl,Germany,,EDAK,51.3080558776856,13.5555562973022,417,1,E,Europe/Berlin
91,Merseburg Airport,Muehlhausen,Germany,,EDAM,51.3630556,11.9408333,341,1,E,Europe/Berlin
92,Halle-Oppin Airport,Halle,Germany,,EDAQ,51.552223,12.053889,348,1,E,Europe/Berlin
93,Riesa-Göhlis Airport,Riesa,Germany,IES,EDAU,51.2936096191,13.3561105728,322,1,E,Europe/Berlin
94,Rechlin-Lärz Airport,Rechlin-laerz,Germany,REB,EDAX,53.306388855,12.7522220612,220,1,E,Europe/Berlin
95,Strausberg Airport,Strausberg,Germany,,EDAY,52.5805549621582,13.9166669845581,262,1,E,Europe/Berlin
96,Schönhagen Airport,Schoenhagen,Germany,QXH,EDAZ,52.203609,13.156389,152,1,E,Europe/Berlin
97,Barth Airport,Barth,Germany,BBH,EDBH,54.338253,12.710515,23,1,E,Europe/Berlin
98,Jena-Schöngleina Airfield,Jena,Germany,,EDBJ,50.915279,11.714444,1247,1,E,Europe/Berlin
99,Kyritz Airport,Kyritz,Germany,,EDBK,52.918888092041,12.4252777099609,131,1,E,Europe/Berlin
100,"Magdeburg ""City"" Airport",Magdeburg,Germany,ZMG,EDBM,52.073612,11.626389,259,1,E,Europe/Berlin
101,Rothenburg/Görlitz Airport,Rothenburg/ol,Germany,,EDBR,51.3633346557617,14.9499998092651,518,1,E,Europe/Berlin
102,Anklam Airfield,Anklam,Germany,,EDCA,53.832779,13.668611,16,1,E,Europe/Berlin
103,Cottbus-Drewitz Airport,Cottbus,Germany,CBU,EDCD,51.889442,14.531944,272,1,E,Europe/Berlin
104,Kamenz Airport,Kamenz,Germany,,EDCM,51.2969436645508,14.1274995803833,495,1,E,Europe/Berlin
105,Berlin-Schönefeld Airport,Berlin,Germany,SXF,EDDB,52.380001,13.5225,157,1,E,Europe/Berlin
106,Dresden Airport,Dresden,Germany,DRS,EDDC,51.1328010559082,13.7672004699707,755,1,E,Europe/Berlin
107,Erfurt Airport,Erfurt,Germany,ERF,EDDE,50.9798011779785,10.9581003189087,1036,1,E,Europe/Berlin
108,Frankfurt am Main Airport,Frankfurt,Germany,FRA,EDDF,50.033333,8.570556,364,1,E,Europe/Berlin
109,Münster Osnabrück Airport,Munster,Germany,FMO,EDDG,52.134601593,7.68483018875,160,1,E,Europe/Berlin
110,Hamburg Airport,Hamburg,Germany,HAM,EDDH,53.630401611328,9.9882297515869,53,1,E,Europe/Berlin
111,Berlin-Tempelhof International Airport,Berlin,Germany,THF,EDDI,52.4729995727539,13.4039001464844,167,1,E,Europe/Berlin
112,Cologne Bonn Airport,Cologne,Germany,CGN,EDDK,50.8658981323,7.1427397728,302,1,E,Europe/Berlin
113,Düsseldorf Airport,Duesseldorf,Germany,DUS,EDDL,51.289501,6.76678,147,1,E,Europe/Berlin
114,Munich Airport,Munich,Germany,MUC,EDDM,48.353802,11.7861,1487,1,E,Europe/Berlin
115,Nuremberg Airport,Nuernberg,Germany,NUE,EDDN,49.498699,11.078056,1046,1,E,Europe/Berlin
116,Leipzig/Halle Airport,Leipzig,Germany,LEJ,EDDP,51.423889,12.236389,465,1,E,Europe/Berlin
117,Saarbrücken Airport,Saarbruecken,Germany,SCN,EDDR,49.2145996094,7.10950994492,1058,1,E,Europe/Berlin
118,Stuttgart Airport,Stuttgart,Germany,STR,EDDS,48.6898994446,9.22196006775,1276,1,E,Europe/Berlin
119,Berlin-Tegel Airport,Berlin,Germany,TXL,EDDT,52.5597,13.2877,122,1,E,Europe/Berlin
120,Hannover Airport,Hannover,Germany,HAJ,EDDV,52.461101532,9.68507957458,183,1,E,Europe/Berlin
121,Bremen Airport,Bremen,Germany,BRE,EDDW,53.0475006104,8.78666973114,14,1,E,Europe/Berlin
122,Frankfurt-Egelsbach Airport,Egelsbach,Germany,QEF,EDFE,49.959999,8.645833,384,1,E,Europe/Berlin
123,Frankfurt-Hahn Airport,Hahn,Germany,HHN,EDFH,49.9487,7.26389,1649,1,E,Europe/Berlin
124,Mannheim-City Airport,Mannheim,Germany,MHG,EDFM,49.473057,8.514167,308,1,E,Europe/Berlin
125,Allendorf/Eder Airport,Allendorf,Germany,,EDFQ,51.0349998474121,8.680832862854,1158,1,E,Europe/Berlin
126,Worms Airport,Worms,Germany,,EDFV,49.606945,8.368333,295,1,E,Europe/Berlin
127,Mainz-Finthen Airport,Mainz,Germany,,EDFZ,49.967499,8.147222,525,1,E,Europe/Berlin
128,Eisenach-Kindel Airport,Eisenach,Germany,EIB,EDGE,50.991604,10.47973,1112,1,E,Europe/Berlin
129,Siegerland Airport,Siegerland,Germany,SGE,EDGS,50.7076988220215,8.08296966552734,1966,1,E,Europe/Berlin
130,Hamburg-Finkenwerder Airport,Hamburg,Germany,XFW,EDHI,53.5352783203125,9.83555603027344,23,1,E,Europe/Berlin
131,Kiel-Holtenau Airport,Kiel,Germany,KEL,EDHK,54.3794441223145,10.1452779769897,102,1,E,Europe/Berlin
132,Lübeck Blankensee Airport,Luebeck,Germany,LBC,EDHL,53.8054008484,10.7192001343,53,1,E,Europe/Berlin
133,Flugplatz Dahlemer Binz,Dahlemer Binz,Germany,,EDKV,50.405555725,6.5288891792,1896,1,E,Europe/Berlin
134,Meinerzhagen Airport,Meinerzhagen,Germany,,EDKZ,51.0999984741211,7.59999990463257,1549,1,E,Europe/Berlin
135,Arnsberg-Menden Airport,Arnsberg,Germany,,EDLA,51.4838905334473,7.89833307266235,794,1,E,Europe/Berlin
136,Essen Mulheim Airport,Essen,Germany,ESS,EDLE,51.4023017883301,6.93732976913452,424,1,E,Europe/Berlin
137,Bielefeld Airport,Bielefeld,Germany,BFE,EDLI,51.964722,8.544444,454,1,E,Europe/Berlin
138,Mönchengladbach Airport,Moenchengladbach,Germany,MGL,EDLN,51.230278,6.504444,125,1,E,Europe/Berlin
139,Paderborn Lippstadt Airport,Paderborn,Germany,PAD,EDLP,51.6141014099,8.61631965637,699,1,E,Europe/Berlin
140,Stadtlohn-Vreden Airport,Stadtlohn,Germany,,EDLS,51.9958343505859,6.84055614471436,157,1,E,Europe/Berlin
141,Dortmund Airport,Dortmund,Germany,DTM,EDLW,51.5182991028,7.61223983765,425,1,E,Europe/Berlin
142,Augsburg Airport,Augsburg,Germany,AGB,EDMA,48.425278,10.931667,1516,1,E,Europe/Berlin
143,Biberach a.d. Riß Airfield,Biberach,Germany,,EDMB,48.111111,9.762778,1903,1,E,Europe/Berlin
144,Eggenfelden Airport,Eggenfelden,Germany,,EDME,48.396110534668,12.7236108779907,1342,1,E,Europe/Berlin
145,Mindelheim-Mattsies Airfield,Mindelheim,Germany,,EDMN,48.106945,10.525,1857,1,E,Europe/Berlin
146,Oberpfaffenhofen Airport,Oberpfaffenhofen,Germany,OBF,EDMO,48.081402,11.2831,1947,1,E,Europe/Berlin
147,Straubing Airport,Straubing,Germany,RBM,EDMS,48.9008331298828,12.5166673660278,1047,1,E,Europe/Berlin
148,Vilshofen Airport,Vilshofen,Germany,,EDMV,48.6349983215332,13.1955556869507,991,1,E,Europe/Berlin
149,Leutkirch-Unterzeil Airport,Leutkirch,Germany,,EDNL,47.8588905334473,10.0141668319702,2100,1,E,Europe/Berlin
150,Friedrichshafen Airport,Friedrichshafen,Germany,FDH,EDNY,47.6712989807,9.51148986816,1367,1,E,Europe/Berlin
151,Schwerin Parchim Airport,Parchim,Germany,SZW,EDOP,53.426998,11.7834,166,1,E,Europe/Berlin
152,Stendal-Borstel Airport,Stendal,Germany,,EDOV,52.6288871765137,11.8186111450195,184,1,E,Europe/Berlin
153,Aalen-Heidenheim/Elchingen Airport,Aalen-heidenheim,Germany,,EDPA,48.7777786254883,10.2647218704224,1916,1,E,Europe/Berlin
154,Bayreuth Airport,Bayreuth,Germany,BYU,EDQD,49.985001,11.64,1601,1,E,Europe/Berlin
155,Burg Feuerstein Airport,Burg Feuerstein,Germany,URD,EDQE,49.794166564941,11.133610725403,1673,1,E,Europe/Berlin
156,Hof-Plauen Airport,Hof,Germany,HOQ,EDQM,50.2886123657227,11.8563890457153,1959,1,E,Europe/Berlin
157,Haßfurt-Schweinfurt Airport,Hassfurt,Germany,,EDQT,50.0180549621582,10.5294437408447,719,1,E,Europe/Berlin
158,Koblenz-Winningen Airfield,Koblenz,Germany,,EDRK,50.325558,7.528611,640,1,E,Europe/Berlin
159,Trier-Föhren Airport,Trier,Germany,,EDRT,49.863888,6.7875,666,1,E,Europe/Berlin
160,Speyer Airfield,Speyer,Germany,,EDRY,49.304722,8.451389,312,1,E,Europe/Berlin
161,Zweibrücken Airport,Zweibruecken,Germany,ZQW,EDRZ,49.2094,7.40056,1132,1,E,Europe/Berlin
162,Donaueschingen-Villingen Airport,Donaueschingen,Germany,ZQL,EDTD,47.9733314514,8.52222156525,2231,1,E,Europe/Berlin
163,Freiburg i. Br. Airport,Freiburg,Germany,,EDTF,48.0227775574,7.83249998093,801,1,E,Europe/Berlin
164,Mengen-Hohentengen Airport,Mengen,Germany,,EDTM,48.0538902282715,9.37277793884277,1818,1,E,Europe/Berlin
165,Adolf Würth Airport,Schwaebisch Hall,Germany,,EDTY,49.1183319092,9.78388881683,1299,1,E,Europe/Berlin
166,Finsterwalde/Schacksdorf Airport,Soest,Germany,,EDUS,51.607498,13.743611,384,1,E,Europe/Berlin
167,Braunschweig-Wolfsburg Airport,Braunschweig,Germany,BWE,EDVE,52.319199,10.5561,295,1,E,Europe/Berlin
168,Kassel-Calden Airport,Kassel,Germany,KSF,EDVK,51.417273,9.384967,820,1,E,Europe/Berlin
169,Hildesheim Airport,Hildesheim,Germany,,EDVM,52.1813888549805,9.94638919830322,292,1,E,Europe/Berlin
170,Bremerhaven Airport,Bremerhaven,Germany,BRV,EDWB,53.506943,8.572778,10,1,E,Europe/Berlin
171,Emden Airport,Emden,Germany,EME,EDWE,53.391109,7.2275,3,1,E,Europe/Berlin
172,Leer-Papenburg Airport,Leer,Germany,,EDWF,53.2719421386719,7.44166707992554,3,1,E,Europe/Berlin
173,Wilhelmshaven-Mariensiel Airport,Wilhelmshaven,Germany,WVN,EDWI,53.5022201538086,8.05222225189209,16,1,E,Europe/Berlin
174,Borkum Airport,Borkum,Germany,BMK,EDWR,53.59639,6.709167,3,1,E,Europe/Berlin
175,Norderney Airport,Norderney,Germany,NRD,EDWY,53.7069435119629,7.23000001907349,7,1,E,Europe/Berlin
176,Flensburg-Schäferhaus Airport,Flensburg,Germany,FLF,EDXF,54.7733345031738,9.37888908386231,131,1,E,Europe/Berlin
177,Rendsburg-Schachtholm Airport,Rendsburg,Germany,,EDXR,54.2200012207031,9.59944438934326,23,1,E,Europe/Berlin
178,Westerland Sylt Airport,Westerland,Germany,GWT,EDXW,54.9132003784,8.34047031403,51,1,E,Europe/Berlin
179,Spangdahlem Air Base,Spangdahlem,Germany,SPM,ETAD,49.9726982117,6.69250011444,1197,1,E,Europe/Berlin
180,Ramstein Air Base,Ramstein,Germany,RMS,ETAR,49.4369010925293,7.60027980804443,776,1,E,Europe/Berlin
181,[Duplicate] Giebelstadt Army Air Field,Giebelstadt,Germany,GHF,ETEU,49.6481018066,9.96648979187,980,1,E,Europe/Berlin
182,Bückeburg Air Base,Brueckeburg,Germany,,ETHB,52.2785,9.08217,230,1,E,Europe/Berlin
183,Celle Airport,Celle,Germany,ZCN,ETHC,52.5912017822266,10.0221004486084,129,1,E,Europe/Berlin
184,Rheine Bentlage Air Base,Rheine-brentlange,Germany,,ETHE,52.291199,7.387,129,1,E,Europe/Berlin
185,Fritzlar Airport,Fritzlar,Germany,FRZ,ETHF,51.1146,9.286,1345,1,E,Europe/Berlin
186,Laupheim Air Base,Laupheim,Germany,,ETHL,48.220299,9.91002,1766,1,E,Europe/Berlin
187,Mendig Airfield,Mendig,Germany,,ETHM,50.366001,7.31533,597,1,E,Europe/Berlin
188,Niederstetten Army Air Base,Niederstetten,Germany,,ETHN,49.391945,9.958889,1339,1,E,Europe/Berlin
189,Roth Airport,Roth,Germany,,ETHR,49.2174987792969,11.1001996994019,1268,1,E,Europe/Berlin
190,Fassberg Air Base,Fassberg,Germany,,ETHS,52.919399,10.185827,245,1,E,Europe/Berlin
191,Grafenwohr Army Air Field,Grafenwoehr,Germany,,ETIC,49.6986999511719,11.9401998519897,1363,1,E,Europe/Berlin
192,Hanau Army Air Field,Hanau,Germany,ZNF,ETID,50.169201,8.96159,368,1,E,Europe/Berlin
193,Hohenfels Army Air Field,Hohenfels,Germany,,ETIH,49.2181015014648,11.8360996246338,1455,1,E,Europe/Berlin
194,Flugplatz Kitzingen,Kitzingen,Germany,KZG,ETIN,49.743099,10.2006,689,1,E,Europe/Berlin
195,Nordholz Naval Airbase,Nordholz,Germany,FCN,ETMN,53.7677001953,8.65849971771,74,1,E,Europe/Berlin
196,Diepholz Air Base,Diepholz,Germany,,ETND,52.585556,8.342222,128,1,E,Europe/Berlin
197,Geilenkirchen Air Base,Geilenkirchen,Germany,GKE,ETNG,50.9608,6.04242,296,1,E,Europe/Berlin
198,Hohn Air Base,Hohn,Germany,,ETNH,54.312199,9.53817,39,1,E,Europe/Berlin
199,Jever Air Base,Jever,Germany,,ETNJ,53.533501,7.88867,24,1,E,Europe/Berlin
200,Rostock-Laage Airport,Laage,Germany,RLG,ETNL,53.9182014465,12.2783002853,138,1,E,Europe/Berlin
201,Nörvenich Air Base,Noervenich,Germany,,ETNN,50.8312,6.65817,386,1,E,Europe/Berlin
202,Schleswig Air Base,Schleswig,Germany,WBG,ETNS,54.459301,9.51633,70,1,E,Europe/Berlin
203,Wittmundhafen Airport,Wittmundhafen,Germany,,ETNT,53.5477981567383,7.66732978820801,26,1,E,Europe/Berlin
204,Wunstorf Air Base,Wunstorf,Germany,,ETNW,52.457298,9.42717,187,1,E,Europe/Berlin
205,Vilseck Army Air Field,Vilseck,Germany,,ETOI,49.6335983276367,11.7672004699707,1353,1,E,Europe/Berlin
206,Coleman Army Air Field,Coleman,Germany,,ETOR,49.5635986328125,8.4633903503418,309,1,E,Europe/Berlin
207,Wiesbaden Army Airfield,Wiesbaden,Germany,WIE,ETOU,50.0498008728027,8.32540035247803,461,1,E,Europe/Berlin
208,Landsberg Lech Air Base,Landsberg,Germany,,ETSA,48.070599,10.906,2044,1,E,Europe/Berlin
209,Büchel Air Base,Buechel,Germany,,ETSB,50.1738014221,7.06333017349,1568,1,E,Europe/Berlin
210,Erding Airport,Erding,Germany,,ETSE,48.3222999572754,11.9486999511719,1515,1,E,Europe/Berlin
211,Fürstenfeldbruck Air Base,Fuerstenfeldbruck,Germany,FEL,ETSF,48.205555,11.266944,1703,1,E,Europe/Berlin
212,Holzdorf Air Base,Holzdorf,Germany,,ETSH,51.767799,13.1677,265,1,E,Europe/Berlin
213,Ingolstadt Manching Airport,Ingolstadt,Germany,IGS,ETSI,48.7156982421875,11.5340003967285,1202,1,E,Europe/Berlin
214,Lechfeld Air Base,Lechfeld,Germany,,ETSL,48.185504,10.8612,1822,1,E,Europe/Berlin
215,Neuburg AFB,Neuburg,Germany,,ETSN,48.710999,11.2115,1249,1,E,Europe/Berlin
216,Gütersloh Air Base,Guetersloh,Germany,GUT,ETUO,51.922798,8.30633,236,1,E,Europe/Berlin
217,Memmingen Allgau Airport,Memmingen,Germany,FMM,EDJA,47.9888000488,10.2395000458,2077,1,E,Europe/Berlin
218,Aachen-Merzbrück Airport,Aachen,Germany,AAH,EDKA,50.823055267334,6.18638896942139,623,1,E,Europe/Berlin
219,Karlsruhe Baden-Baden Airport,Karlsruhe/Baden-Baden,Germany,FKB,EDSB,48.7793998718,8.08049964905,408,1,E,Europe/Berlin
220,Weeze Airport,Weeze,Germany,NRN,EDLV,51.6024017334,6.14216995239,106,1,E,Europe/Berlin
221,Norden-Norddeich Airport,Norden,Germany,NOD,EDWS,53.6330566406,7.19027805328,3,1,E,Europe/Berlin
222,Juist Airport,Juist,Germany,JUI,EDWJ,53.6811103820801,7.055832862854,7,1,E,Europe/Berlin
223,Heringsdorf Airport,Heringsdorf,Germany,HDF,EDAH,53.8787002563,14.152299881,93,1,E,Europe/Berlin
224,Heide-Büsum Airport,Büsum,Germany,HEI,EDXB,54.1533317566,8.90166664124,7,1,E,Europe/Berlin
225,Helgoland-Düne Airport,Helgoland,Germany,HGL,EDXH,54.1852798462,7.91583299637,8,1,E,Europe/Berlin
226,Rügen Airport,Ruegen,Germany,GTI,EDCG,54.3833312988,13.3255558014,69,1,U,Europe/Berlin
227,Tannheim Airfield,Tannheim,Germany,,EDMT,48.009998,10.098611,1903,1,E,Europe/Berlin
228,Bienenfarm Airport,Nauen,Germany,,EDOI,52.661667,12.745833,120,1,E,Europe/Berlin
229,Uetersen/Heist Airport,Uetersen,Germany,,EDHE,53.6463890075684,9.70416736602783,23,1,E,Europe/Berlin
230,Weser-Wümme Airport,Hellwege,Germany,,EDWM,53.0538902282715,9.20861053466797,59,1,E,Europe/Berlin
231,Flugplatz Finsterwalde/Heinrichsruh,Finsterwalde,Germany,,EDAS,51.634445,13.675556,384,1,E,Europe/Berlin
232,Dinslaken/Schwarze Heide Airport,Dinslaken,Germany,,EDLD,51.616112,6.865278,217,1,E,Europe/Berlin
233,Höxter-Holzminden Airport,Hoexter Holzminden,Germany,,EDVI,51.8066673278809,9.37833309173584,1263,1,E,Europe/Berlin
234,Harle Airport,Harlesiel,Germany,,EDXP,53.7066688537598,7.82027816772461,7,1,E,Europe/Berlin
235,Wangerooge Airport,Wangerooge,Germany,AGE,EDWG,53.7827796936035,7.91388893127441,7,1,E,Europe/Berlin
236,Langeoog Airport,Langeoog,Germany,LGO,EDWL,53.7425003051758,7.49777793884277,7,1,E,Europe/Berlin
237,Nabern/Teck Airport,Kirchheim-Teck,Germany,,EDTN,48.61277771,9.47722244263,1214,1,E,Europe/Berlin
238,Würzburg-Schenkenturm Airport,Wuerzburg,Germany,,EDFW,49.81778,9.8975,991,1,E,Europe/Berlin
239,Hopsten Air Base,Hopsten,Germany,,ETNP,52.3386993408203,7.54132986068726,423,1,E,Europe/Berlin
240,Linkenheim Airport,Linkenheim,Germany,,EDRI,49.1416664123535,8.39472198486328,325,1,E,Europe/Berlin
241,Roitzschjora Airfield,Roitzschjora,Germany,,EDAW,51.577778,12.494444,289,1,U,Europe/Berlin
242,Nannhausen Airport,Nannhausen,Germany,,EDRN,49.9702796936,7.47916698456,1224,1,E,Europe/Berlin
243,Marl-Loemühle Airfield,Recklinghausen,Germany,,EDLM,51.647202,7.16333,240,1,U,Europe/Berlin
244,Lahr Airport,Lahr,Germany,LHA,EDTL,48.3693008423,7.82772016525,511,1,E,Europe/Berlin
245,Regensburg-Oberhub Airport,Regensburg,Germany,,EDNR,49.1419448852539,12.0819444656372,1299,1,E,Europe/Berlin
246,Cochstedt Airport,Cochstedt,Germany,CSO,EDBC,51.8563995361,11.42029953,594,1,E,Europe/Berlin
247,Landshut Airport,Landshut,Germany,,EDML,48.5116653442383,12.033332824707,1312,1,E,Europe/Berlin
248,Itzehoe/Hungriger Wolf Airport,Itzehoe,Germany,,EDHF,53.9944458007813,9.57861137390137,89,1,E,Europe/Berlin
249,Allstedt Airport,Allstedt,Germany,,EDBT,51.3805541992188,11.4466667175293,932,1,E,Europe/Berlin
250,Peine-Eddesse Airport,Peine,Germany,,EDVP,52.4025001526,10.2288894653,249,1,E,Europe/Berlin
251,Spremberg-Welzow Airport,Welzow,Germany,,EDCY,51.5755577087402,14.1369438171387,374,1,E,Europe/Berlin
252,Rotenburg (Wümme) Airport,Rotenburg Wuemme,Germany,,EDXQ,53.1283340454102,9.34861087799072,98,1,E,Europe/Berlin
253,Wipperfürth-Neye Airport,Wipperfuerth,Germany,,EDKN,51.1241683959961,7.37361097335815,863,1,E,Europe/Berlin
254,Osnabrück-Atterheide Airport,Osnabrueck,Germany,,EDWO,52.286388,7.969722,287,1,E,Europe/Berlin
255,Flugplatz Ballenstedt,Ballenstedt,Germany,,EDCB,51.745834,11.229722,535,1,E,Europe/Berlin
256,Flugplatz Hartenholm,Hasenmoor,Germany,,EDHM,53.915001,10.035556,108,1,E,Europe/Berlin
257,Ganderkesee Atlas Airfield,Ganderkesee,Germany,,EDWQ,53.03611,8.505556,95,1,E,Europe/Berlin
258,Nienburg-Holzbalge Airport,Nienburg Weser,Germany,,EDXI,52.7097206115723,9.16250038146973,82,1,E,Europe/Berlin
259,Damme Airfield,Damme,Germany,,EDWC,52.487499,8.185556,151,1,E,Europe/Berlin
260,Borkenberge Airport,Duelmen,Germany,,EDLB,51.7799987793,7.28805589676,157,1,E,Europe/Berlin
261,Obermehler-Schlotheim Airport,Obermehler,Germany,,EDCO,51.2677764892578,10.6347217559814,909,1,E,Europe/Berlin
262,Hodenhagen Airport,Hodenhagen,Germany,,EDVH,52.761865,9.61056,79,1,E,Europe/Berlin
263,Grube Airport,Grube,Germany,,EDHB,54.2444458007813,11.0247220993042,7,1,E,Europe/Berlin
264,Celle-Arloh Airport,Celle,Germany,,EDVC,52.6872215270996,10.1113891601563,207,1,E,Europe/Berlin
265,Uelzen Airport,Uelzen,Germany,,EDVU,52.9838905334,10.4650001526,246,1,E,Europe/Berlin
266,Hamm-Lippewiesen Airport,Hamm,Germany,,EDLH,51.6897201538086,7.81611108779907,190,1,E,Europe/Berlin
267,Lüsse Airport,Luesse,Germany,,EDOJ,52.1411094665527,12.664722442627,217,1,E,Europe/Berlin
268,Porta Westfalica Airport,Bad Oeynhausen,Germany,,EDVY,52.220832824707,8.85916709899902,148,1,E,Europe/Berlin
269,Brilon/Hochsauerlandkreis Airfield,Brilon,Germany,,EDKO,51.4025,8.641667,1509,1,E,Europe/Berlin
270,Hameln-Pyrmont Airport,Bad Pyrmont,Germany,,EDVW,51.966667175293,9.29166698455811,1178,1,E,Europe/Berlin
271,Nordholz-Spieka Airfield,Cuxhaven,Germany,,EDXN,53.767223,8.643611,72,1,E,Europe/Berlin
272,Köthen Airport,Koethen,Germany,KOQ,EDCK,51.7211112976,11.9527778625,305,1,E,Europe/Berlin
273,St. Michaelisdonn Airport,Sankt Michaelisdonn,Germany,,EDXM,53.9780578613281,9.14472198486328,125,1,E,Europe/Berlin
274,Salzgitter-Drütte Airport,Salzgitter,Germany,,EDVS,52.1544456481934,10.4266672134399,328,1,E,Europe/Berlin
275,Karlshöfen Airport,Karlshoefen,Germany,,EDWK,53.3327789306641,9.02833271026611,20,1,E,Europe/Berlin
276,Oldenburg-Hatten Airfield,Oldenburg,Germany,,EDWH,53.06889,8.313611,26,1,E,Europe/Berlin
277,Rinteln Airport,Rinteln,Germany,,EDVR,52.1752777099609,9.0533332824707,180,1,E,Europe/Berlin
278,Münster-Telgte Airport,Muenster,Germany,,EDLT,51.9444427490234,7.77388906478882,177,1,E,Europe/Berlin
279,St. Peter-Ording Airport,Sankt Peter-Ording,Germany,PSH,EDXO,54.3088874816895,8.68694400787354,7,1,E,Europe/Berlin
280,Lüchow-Rehbeck Airport,Luechow,Germany,,EDHC,53.0161094665527,11.1444444656372,49,1,E,Europe/Berlin
281,Klietz/Scharlibbe Airport,Scharlibbe,Germany,,EDCL,52.7094421386719,12.0733327865601,95,1,E,Europe/Berlin
282,Burg Airport,Burg,Germany,,EDBG,52.2416687011719,11.8561105728149,174,1,E,Europe/Berlin
283,Bad Neuenahr-Ahrweiler Airfield,Bad Neuenahr,Germany,,EDRA,50.557777,7.136389,673,1,E,Europe/Berlin
284,Bad Dürkheim Airport,Bad Duerkheim,Germany,,EDRF,49.4730567932129,8.19638919830322,351,1,E,Europe/Berlin
285,Leverkusen Airport,Leverkusen,Germany,,EDKL,51.0152778625488,7.00555610656738,157,1,E,Europe/Berlin
286,Wershofen/Eifel Airfield,Wershofen,Germany,,EDRV,50.451389,6.783333,1581,1,E,Europe/Berlin
287,Gera-Leumnitz Airfield,Gera,Germany,,EDAJ,50.881668,12.135833,1014,1,E,Europe/Berlin
288,Oerlinghausen Airport,TELGTE,Germany,,EDLO,51.9322204589844,8.66166687011719,558,1,E,Europe/Berlin
289,Fuerstenwalde Airport,Furstenwalde,Germany,,EDAL,52.3905982971,14.0972003937,184,1,E,Europe/Berlin
290,Eberswalde-Finow Airport,Eberswalde,Germany,,EDAV,52.8272209167481,13.6936111450195,121,1,E,Europe/Berlin
291,Saarmund Airport,Saarmund,Germany,,EDCS,52.3083343505859,13.1005563735962,174,1,E,Europe/Berlin
292,Sinsheim Airfield,Karlsruhe,Germany,,EDTK,49.2472,8.8938,525,1,E,Europe/Berlin
293,Weinheim/Bergstraße Airport,Weinheim,Germany,,EDGZ,49.5675010681152,8.61055564880371,318,1,E,Europe/Berlin
294,Grefrath-Niershorst Airport,Grefrath,Germany,,EDLF,51.3338890075684,6.35944414138794,105,1,E,Europe/Berlin
295,Segeletz Airport,Segeletz,Germany,,EDAI,52.8266677856445,12.5419435501099,141,1,E,Europe/Berlin
296,Peenemünde Airport,Peenemunde,Germany,PEF,EDCP,54.1577796936,13.7744436264,7,1,E,Europe/Berlin
297,Neustadt-Glewe Airport,Neustadt-Glewe,Germany,,EDAN,53.3597221374512,11.6152782440186,115,1,E,Europe/Berlin
298,Tutow Airport,Wildenrath,Germany,,EDUW,53.9219436645508,13.2188892364502,26,1,E,Europe/Berlin
299,Bremgarten Airport,Bremgarten,Germany,,EDTG,47.9027786255,7.6177778244,696,1,E,Europe/Berlin
300,Bitburg Airport,Birburg,Germany,BBJ,EDRB,49.945278,6.565,1220,1,U,Europe/Berlin
301,Thalmässing-Waizenhofen Airport,Thalmaessing,Germany,,EDPW,49.0641670227051,11.2091665267944,1893,1,E,Europe/Berlin
302,Ansbach-Petersdorf Airport,Ansbach,Germany,,EDQF,49.361111,10.669444,1371,1,E,Europe/Berlin
303,Oberschleißheim Airfield,Schleissheim,Germany,,EDNX,48.239445,11.561389,1594,1,E,Europe/Berlin
304,Verden-Scharnhorst Airfield,Verden,Germany,,EDWV,52.965279,9.282778,144,1,E,Europe/Berlin
305,Nittenau-Bruck Airport,Nittenau,Germany,,EDNM,49.2224998474121,12.296667098999,1161,1,E,Europe/Berlin
306,Neumünster Airport,Neumuenster,Germany,EUM,EDHN,54.0794448852539,9.94138908386231,72,1,E,Europe/Berlin
307,Pellworm Field,Pellworm,Germany,,EDHP,54.5363883972,8.68000030518,3,1,E,Europe/Berlin
308,M. R. Štefánik Airport,Bratislava,Slovakia,BTS,LZIB,48.1702003479004,17.2126998901367,436,1,E,Europe/Bratislava
309,Košice Airport,Kosice,Slovakia,KSC,LZKZ,48.6631011962891,21.2411003112793,755,1,E,Europe/Bratislava
310,Kuchyňa Air Base,Malacky,Slovakia,,LZMC,48.4020004272461,17.1184005737305,679,1,E,Europe/Bratislava
311,Piešťany Airport,Piestany,Slovakia,PZY,LZPP,48.6251983642578,17.8283996582031,545,1,E,Europe/Bratislava
312,Sliač Airport,Sliac,Slovakia,SLD,LZSL,48.6377983093262,19.1340999603272,1043,1,E,Europe/Bratislava
313,Trenčín Airport,Trencin,Slovakia,,LZTN,48.8650016785,17.9923000336,676,1,E,Europe/Bratislava
314,Poprad-Tatry Airport,Poprad,Slovakia,TAT,LZTT,49.073600769,20.2411003113,2356,1,E,Europe/Bratislava
315,Žilina Airport,Žilina,Slovakia,ILZ,LZZI,49.2314987183,18.6135005951,1020,1,E,Europe/Bratislava
316,Antwerp International Airport (Deurne),Antwerp,Belgium,ANR,EBAW,51.1893997192,4.46027994156,39,1,E,Europe/Brussels
317,Beauvechain Air Base,Beauvechain,Belgium,,EBBE,50.7585983276367,4.76833009719849,370,1,E,Europe/Brussels
318,Kleine Brogel Air Base,Kleine Brogel,Belgium,,EBBL,51.168301,5.47,200,1,E,Europe/Brussels
319,Brussels Airport,Brussels,Belgium,BRU,EBBR,50.9014015198,4.48443984985,184,1,E,Europe/Brussels
320,Jehonville Air Base,Bertrix,Belgium,,EBBX,49.8917007446289,5.22388982772827,1514,1,E,Europe/Brussels
321,Brussels South Charleroi Airport,Charleroi,Belgium,CRL,EBCI,50.459202,4.45382,614,1,E,Europe/Brussels
322,Chièvres Air Base,Chievres,Belgium,,EBCV,50.5758018493652,3.83100008964539,194,1,E,Europe/Brussels
323,Koksijde Air Base,Koksijde,Belgium,,EBFN,51.0903015136719,2.65278005599976,20,1,E,Europe/Brussels
324,Florennes Air Base,Florennes,Belgium,,EBFS,50.2433013916,4.64583015442,935,1,E,Europe/Brussels
325,Wevelgem Airport,Kortrijk-vevelgem,Belgium,KJK,EBKT,50.817199707,3.20472002029,64,1,E,Europe/Brussels
326,Liège Airport,Liege,Belgium,LGG,EBLG,50.6374015808106,5.44322013854981,659,1,E,Europe/Brussels
327,Ostend-Bruges International Airport,Ostend,Belgium,OST,EBOS,51.1988983154,2.8622200489,13,1,E,Europe/Brussels
328,Zutendaal Air Base,Zutendaal,Belgium,,EBSL,50.9474983215332,5.59055995941162,312,1,E,Europe/Brussels
329,Brustem Airfield Sint Truiden,Sint-truiden,Belgium,,EBST,50.791901,5.20167,246,1,E,Europe/Brussels
330,Saint Hubert Air Base,St.-hubert,Belgium,,EBSU,50.0344009399414,5.44081020355225,1930,1,E,Europe/Brussels
331,Ursel Air Base,Ursel,Belgium,,EBUL,51.1441993713379,3.47555994987488,95,1,E,Europe/Brussels
332,Weelde Air Base,Weelde,Belgium,,EBWE,51.3947982788086,4.96018981933594,105,1,E,Europe/Brussels
333,Zoersel (Oostmalle) Airfield,Zoersel,Belgium,OBL,EBZR,51.264702,4.75333,53,1,E,Europe/Brussels
334,Engels heliport,Ebenhofen,Germany,,EBEN,51.2116661071777,4.58083295822144,33,1,E,Europe/Brussels
335,Westkapelle heliport,Knokke,Belgium,,EBKW,51.32222366333,3.2930560112,10,1,U,Europe/Brussels
336,Goetsenhoven Air Base,GOETSENHOVEN,Belgium,,EBTN,50.7817001342773,4.95777988433838,246,1,E,Europe/Brussels
337,Spa (la Sauvenière) Airfield,Spa,Belgium,,EBSP,50.482498,5.9103,1581,1,E,Europe/Brussels
338,Namur-Suarlée Airfield,Namur,Belgium,,EBNM,50.487999,4.76892,594,1,E,Europe/Brussels
339,Kiewit Airfield Hasselt,Hasselt,Belgium,,EBZH,50.970001,5.37507,141,1,E,Europe/Brussels
340,Arad International Airport,Arad,Romania,ARW,LRAR,46.1766014099121,21.261999130249,352,2,E,Europe/Bucharest
341,Bacău Airport,Bacau,Romania,BCM,LRBC,46.521900177002,26.9102993011475,607,2,E,Europe/Bucharest
342,Tautii Magheraus Airport,Baia Mare,Romania,BAY,LRBM,47.6584014892578,23.4699993133545,605,2,E,Europe/Bucharest
343,Băneasa International Airport,Bucharest,Romania,BBU,LRBS,44.5032005310059,26.1021003723145,297,2,E,Europe/Bucharest
344,Mihail Kogălniceanu International Airport,Constanta,Romania,CND,LRCK,44.3622016906738,28.4883003234863,353,2,E,Europe/Bucharest
345,Cluj-Napoca International Airport,Cluj-napoca,Romania,CLJ,LRCL,46.7851982116699,23.6861991882324,1036,2,E,Europe/Bucharest
346,Caransebeş Airport,Caransebes,Romania,CSB,LRCS,45.4199981689453,22.2532997131348,866,2,E,Europe/Bucharest
347,Craiova Airport,Craiova,Romania,CRA,LRCV,44.3180999755859,23.888599395752,626,2,E,Europe/Bucharest
348,Iaşi Airport,Iasi,Romania,IAS,LRIA,47.1785011291504,27.6205997467041,397,2,E,Europe/Bucharest
349,Oradea International Airport,Oradea,Romania,OMR,LROD,47.0252990722656,21.9025001525879,465,2,E,Europe/Bucharest
350,Henri Coandă International Airport,Bucharest,Romania,OTP,LROP,44.5711111,26.085,314,2,E,Europe/Bucharest
351,Sibiu International Airport,Sibiu,Romania,SBZ,LRSB,45.7855987548828,24.0912990570068,1496,2,E,Europe/Bucharest
352,Satu Mare Airport,Satu Mare,Romania,SUJ,LRSM,47.7033004760742,22.8857002258301,405,2,E,Europe/Bucharest
353,Suceava Stefan cel Mare Airport,Suceava,Romania,SCV,LRSV,47.6875,26.3540992736816,1375,2,E,Europe/Bucharest
354,Tulcea Airport,Tulcea,Romania,TCE,LRTC,45.0625,28.7143001556397,200,2,E,Europe/Bucharest
355,Transilvania Târgu Mureş International Airport,Tirgu Mures,Romania,TGM,LRTM,46.467700958252,24.4125003814697,963,2,E,Europe/Bucharest
356,Timişoara Traian Vuia Airport,Timisoara,Romania,TSR,LRTR,45.8098983764648,21.3379001617432,348,2,E,Europe/Bucharest
357,IAR Gimbav Heliport,Brasov,Romania,,LRBG,45.686443,25.529058,0,2,E,Europe/Bucharest
358,Tuzla Romania Airport,Tuzla,Romania,,LRTZ,43.9841995239258,28.6096992492676,161,2,U,Europe/Bucharest
359,Budapest Liszt Ferenc International Airport,Budapest,Hungary,BUD,LHBP,47.42976,19.261093,495,1,E,Europe/Budapest
360,Debrecen International Airport,Debrecen,Hungary,DEB,LHDC,47.488899230957,21.6152992248535,359,1,E,Europe/Budapest
361,Kecskemét Airport,Kecskemet,Hungary,,LHKE,46.9174995422363,19.7492008209229,376,1,E,Europe/Budapest
362,Nyíregyháza Airport,Nyirregyhaza,Hungary,,LHNY,47.9838981628418,21.6923007965088,338,1,E,Europe/Budapest
363,Őcsény Airport,Ocseny,Hungary,,LHOY,46.3039016723633,18.7691993713379,295,1,E,Europe/Budapest
364,Szentkirályszabadja Airport,Azentkilyszabadja,Hungary,,LHSA,47.0778999328613,17.9683990478516,919,1,E,Europe/Budapest
365,Szolnok Air Base,Szolnok,Hungary,,LHSN,47.122897,20.2355,322,1,E,Europe/Budapest
366,Pécs-Pogány Airport,Pécs-Pogány,Hungary,PEV,LHPP,45.990898,18.240996,1000,1,N,Europe/Budapest
367,Győr-Pér International Airport,Győr,Hungary,,LHPR,47.624401,17.813601,424,1,N,Europe/Budapest
368,Sármellék International Airport,Sármellék,Hungary,SOB,LHSM,46.686391,17.159084,408,1,N,Europe/Budapest
369,Pápa Air Base,Papa,Hungary,,LHPA,47.3636016846,17.5007991791,466,1,E,Europe/Budapest
370,Taszár Air Base,Columbus,United States,TZR,LHTA,46.3931007385254,17.9174995422363,531,1,A,Europe/Budapest
371,Bălți International Airport,Saltsy,Moldova,BZY,LUBL,47.843056,27.777222,758,2,E,Europe/Chisinau
372,Chişinău International Airport,Chisinau,Moldova,KIV,LUKK,46.9277000427246,28.9309997558594,399,2,E,Europe/Chisinau
373,Aarhus Airport,Aarhus,Denmark,AAR,EKAH,56.2999992371,10.6190004349,82,1,E,Europe/Copenhagen
374,Billund Airport,Billund,Denmark,BLL,EKBI,55.7402992249,9.15178012848,247,1,E,Europe/Copenhagen
375,Copenhagen Kastrup Airport,Copenhagen,Denmark,CPH,EKCH,55.617900848389,12.656000137329,17,1,E,Europe/Copenhagen
376,Esbjerg Airport,Esbjerg,Denmark,EBJ,EKEB,55.525902,8.5534,97,1,E,Europe/Copenhagen
377,Grønholt Hillerød Airport,Gronholt,Denmark,,EKGH,55.9413986206055,12.3822002410889,97,1,E,Europe/Copenhagen
378,Karup Airport,Karup,Denmark,KRP,EKKA,56.2975006103516,9.12462997436523,170,1,E,Europe/Copenhagen
379,Læsø Airport,Laeso,Denmark,BYR,EKLS,57.2771987915039,11.0001001358032,25,1,E,Europe/Copenhagen
380,Lolland Falster Maribo Airport,Maribo,Denmark,MRW,EKMB,54.699299,11.4401,16,1,E,Europe/Copenhagen
381,Odense Airport,Odense,Denmark,ODE,EKOD,55.4766998291016,10.3309001922607,56,1,E,Europe/Copenhagen
382,Kruså-Padborg Airport,Krusa-padborg,Denmark,,EKPB,54.8703002929688,9.27900981903076,88,1,E,Europe/Copenhagen
383,Copenhagen Roskilde Airport,Copenhagen,Denmark,RKE,EKRK,55.5856018066406,12.1314001083374,146,1,E,Europe/Copenhagen
384,Bornholm Airport,Ronne,Denmark,RNN,EKRN,55.0633010864258,14.7595996856689,52,1,E,Europe/Copenhagen
385,Sønderborg Airport,Soenderborg,Denmark,SGD,EKSB,54.9644012451172,9.79172992706299,24,1,E,Europe/Copenhagen
386,Skrydstrup Air Base,Skrydstrup,Denmark,SKS,EKSP,55.221048,9.26702,141,1,E,Europe/Copenhagen
387,Skive Airport,Skive,Denmark,SQW,EKSV,56.5502014160156,9.17298030853272,74,1,E,Europe/Copenhagen
388,Thisted Airport,Thisted,Denmark,TED,EKTS,57.0688018798828,8.70522022247315,23,1,E,Europe/Copenhagen
389,Kolding Vamdrup Airfield,Kolding,Denmark,,EKVD,55.436298,9.33092,143,1,E,Europe/Copenhagen
390,Vesthimmerlands Flyveplads,Vesthimmerland,Denmark,,EKVH,56.846901,9.45861,119,1,E,Europe/Copenhagen
391,Stauning Airport,Stauning,Denmark,STA,EKVJ,55.9901008605957,8.35391044616699,17,1,E,Europe/Copenhagen
392,Aalborg Airport,Aalborg,Denmark,AAL,EKYT,57.0927589138,9.84924316406,10,1,E,Europe/Copenhagen
393,Samsø Airport,Samsoe,Denmark,,EKSS,55.8894996643066,10.6136999130249,1,1,E,Europe/Copenhagen
394,Sindal Airport,Sindal,Denmark,CNL,EKSN,57.503502,10.2294,92,1,N,Europe/Copenhagen
395,Kalundborg Airport,Kalundborg,Denmark,,EKKL,55.7002983093262,11.25,1,1,E,Europe/Copenhagen
396,Tønder Airport,Toender,Denmark,,EKTD,54.9296989440918,8.8405704498291,1,1,E,Europe/Copenhagen
397,Endelave Flyveplads,Endelage,Denmark,,EKEL,55.7565,10.2485,15,1,E,Europe/Copenhagen
398,Herning Airport,Herning,Denmark,,EKHG,56.184700012207,9.04444980621338,167,1,E,Europe/Copenhagen
399,Cork Airport,Cork,Ireland,ORK,EICK,51.8413009643555,-8.49110984802246,502,0,E,Europe/Dublin
400,Galway Airport,Galway,Ireland,GWY,EICM,53.3002014160156,-8.94159030914307,81,0,E,Europe/Dublin
401,Dublin Airport,Dublin,Ireland,DUB,EIDW,53.421299,-6.27007,242,0,E,Europe/Dublin
402,Ireland West Knock Airport,Connaught,Ireland,NOC,EIKN,53.9103012084961,-8.81849002838135,665,0,E,Europe/Dublin
403,Kerry Airport,Kerry,Ireland,KIR,EIKY,52.1809005737305,-9.52377986907959,112,0,E,Europe/Dublin
404,Casement Air Base,Casement,Ireland,,EIME,53.301700592,-6.45133018494,319,0,E,Europe/Dublin
405,Shannon Airport,Shannon,Ireland,SNN,EINN,52.702,-8.92482,46,0,E,Europe/Dublin
406,Sligo Airport,Sligo,Ireland,SXL,EISG,54.280200958252,-8.5992097854614,11,0,E,Europe/Dublin
407,Waterford Airport,Waterford,Ireland,WAT,EIWF,52.187198638916,-7.08695983886719,119,0,E,Europe/Dublin
408,Donegal Airport,Dongloe,Ireland,CFN,EIDL,55.0442008972168,-8.34099960327148,30,0,E,Europe/Dublin
409,Weston Airport,Leixlip,Ireland,,EIWT,53.3521995544,-6.48611021042,150,0,E,Europe/Dublin
410,Inishmore Aerodrome,Inis Mor,Ireland,IOR,EIIM,53.1067008972168,-9.65361022949219,24,0,U,Europe/Dublin
411,Connemara Regional Airport,Indreabhan,Ireland,NNR,EICA,53.2303009033203,-9.46778011322022,70,0,U,Europe/Dublin
412,Inisheer Aerodrome,Inisheer,Ireland,INQ,EIIR,53.0647010803223,-9.51089954376221,40,0,E,Europe/Dublin
413,Inishmaan Aerodrome,Inishmaan,Ireland,IIA,EIMN,53.0929985046387,-9.56805992126465,15,0,U,Europe/Dublin
414,Newcastle Aerodrome,Newcastle,Ireland,,EINC,53.0710983276367,-6.04527997970581,1,0,E,Europe/Dublin
415,Bantry Aerodrome,Bantry,Ireland,BYT,EIBN,51.6685981750488,-9.48416996002197,7,0,E,Europe/Dublin
416,Gibraltar Airport,Gibraltar,Gibraltar,GIB,LXGB,36.1511993408,-5.34965991974,15,1,N,Europe/Gibraltar
417,Alderney Airport,Alderney,Guernsey,ACI,EGJA,49.706104,-2.21472,290,0,E,Europe/Guernsey
418,Guernsey Airport,Guernsey,Guernsey,GCI,EGJB,49.435001373291,-2.60196995735168,336,0,E,Europe/Guernsey
419,Enontekio Airport,Enontekio,Finland,ENF,EFET,68.362602233887,23.424299240112,1005,2,E,Europe/Helsinki
420,Eura Airport,Eura,Finland,,EFEU,61.1161003112793,22.2014007568359,259,2,E,Europe/Helsinki
421,Halli Airport,Halli,Finland,KEV,EFHA,61.856039,24.786686,479,2,E,Europe/Helsinki
422,Helsinki Malmi Airport,Helsinki,Finland,HEM,EFHF,60.2546005249023,25.0428009033203,57,2,E,Europe/Helsinki
423,Helsinki Vantaa Airport,Helsinki,Finland,HEL,EFHK,60.317199707031,24.963300704956,179,2,E,Europe/Helsinki
424,Hameenkyro Airport,Hameenkyro,Finland,,EFHM,61.6897010803223,23.0736999511719,449,2,E,Europe/Helsinki
425,Hanko Airport,Hanko,Finland,,EFHN,59.8488998413086,23.0835990905762,20,2,E,Europe/Helsinki
426,Hyvinkää Airfield,Hyvinkaa,Finland,HYV,EFHV,60.6543998718,24.8810997009,430,2,E,Europe/Helsinki
427,Kiikala Airport,Kikala,Finland,,EFIK,60.4625015259,23.6525001526,381,2,E,Europe/Helsinki
428,Immola Airport,Immola,Finland,,EFIM,61.2491989135742,28.9036998748779,338,2,E,Europe/Helsinki
429,Kitee Airport,Kitee,Finland,KTQ,EFIT,62.1661,30.073601,364,2,E,Europe/Helsinki
430,Ivalo Airport,Ivalo,Finland,IVL,EFIV,68.607299804688,27.405300140381,481,2,E,Europe/Helsinki
431,Joensuu Airport,Joensuu,Finland,JOE,EFJO,62.662899017334,29.607500076294,398,2,E,Europe/Helsinki
432,Jyvaskyla Airport,Jyvaskyla,Finland,JYV,EFJY,62.399501800537,25.678300857544,459,2,E,Europe/Helsinki
433,Kauhava Airport,Kauhava,Finland,KAU,EFKA,63.127102,23.051399,151,2,E,Europe/Helsinki
434,Kemi-Tornio Airport,Kemi,Finland,KEM,EFKE,65.778701782227,24.582099914551,61,2,E,Europe/Helsinki
435,Kajaani Airport,Kajaani,Finland,KAJ,EFKI,64.285499572754,27.692399978638,483,2,E,Europe/Helsinki
436,Kauhajoki Airport,Kauhajoki,Finland,KHJ,EFKJ,62.4625015259,22.3931007385,407,2,E,Europe/Helsinki
437,Kokkola-Pietarsaari Airport,Kruunupyy,Finland,KOK,EFKK,63.721199035645,23.143100738525,84,2,E,Europe/Helsinki
438,Kemijarvi Airport,Kemijarvi,Finland,,EFKM,66.712898,27.156799,692,2,E,Europe/Helsinki
439,Kuusamo Airport,Kuusamo,Finland,KAO,EFKS,65.987602233887,29.239400863647,866,2,E,Europe/Helsinki
440,Kittilä Airport,Kittila,Finland,KTT,EFKT,67.700996398926,24.846799850464,644,2,E,Europe/Helsinki
441,Kuopio Airport,Kuopio,Finland,KUO,EFKU,63.007099151611,27.797800064087,323,2,E,Europe/Helsinki
442,Lahti Vesivehmaa Airport,Vesivehmaa,Finland,QLF,EFLA,61.144199,25.693501,502,2,E,Europe/Helsinki
443,Lappeenranta Airport,Lappeenranta,Finland,LPP,EFLP,61.044601,28.144743,349,2,E,Europe/Helsinki
444,Menkijarvi Airport,Menkijarvi,Finland,,EFME,62.9467010498047,23.5188999176025,331,2,E,Europe/Helsinki
445,Mikkeli Airport,Mikkeli,Finland,MIK,EFMI,61.6866,27.201799,329,2,E,Europe/Helsinki
446,Nummela Airport,Nummela,Finland,,EFNU,60.3339004517,24.2964000702,367,2,E,Europe/Helsinki
447,Oulu Airport,Oulu,Finland,OUL,EFOU,64.930099487305,25.354600906372,47,2,E,Europe/Helsinki
448,Piikajarvi Airport,Piikajarvi,Finland,,EFPI,61.2456016540527,22.1933994293213,148,2,E,Europe/Helsinki
449,Pori Airport,Pori,Finland,POR,EFPO,61.461700439453,21.799999237061,44,2,E,Europe/Helsinki
450,Pudasjärvi Airport,Pudasjarvi,Finland,,EFPU,65.4021987915,26.9468994141,397,2,E,Europe/Helsinki
451,Pyhäsalmi Airport,Pyhasalmi,Finland,,EFPY,63.7318992615,25.9263000488,528,2,E,Europe/Helsinki
452,Raahe Pattijoki Airport,Pattijoki,Finland,,EFRH,64.6881027222,24.6958007812,118,2,E,Europe/Helsinki
453,Rantasalmi Airport,Rantasalmi,Finland,,EFRN,62.0654983521,28.3565006256,292,2,E,Europe/Helsinki
454,Rovaniemi Airport,Rovaniemi,Finland,RVN,EFRO,66.564796447754,25.830400466919,642,2,E,Europe/Helsinki
455,Rayskala Airport,Rayskala,Finland,,EFRY,60.7447013854981,24.1077995300293,407,2,E,Europe/Helsinki
456,Savonlinna Airport,Savonlinna,Finland,SVL,EFSA,61.943099975586,28.945100784302,311,2,E,Europe/Helsinki
457,Selanpaa Airport,Selanpaa,Finland,,EFSE,61.0624008178711,26.798900604248,417,2,E,Europe/Helsinki
458,Sodankyla Airport,Sodankyla,Finland,SOT,EFSO,67.3949966431,26.6191005707,602,2,E,Europe/Helsinki
459,Tampere-Pirkkala Airport,Tampere,Finland,TMP,EFTP,61.414100646973,23.604400634766,390,2,E,Europe/Helsinki
460,Teisko Airport,Teisko,Finland,,EFTS,61.7733,24.027,515,2,E,Europe/Helsinki
461,Turku Airport,Turku,Finland,TKU,EFTU,60.514099121094,22.262800216675,161,2,E,Europe/Helsinki
462,Utti Air Base,Utti,Finland,UTI,EFUT,60.89640045166,26.938400268555,339,2,E,Europe/Helsinki
463,Vaasa Airport,Vaasa,Finland,VAA,EFVA,63.050701141357,21.762199401855,19,2,E,Europe/Helsinki
464,Varkaus Airport,Varkaus,Finland,VRK,EFVR,62.171100616455,27.868600845337,286,2,E,Europe/Helsinki
465,Ylivieska Airfield,Ylivieska-raudaskyla,Finland,YLI,EFYL,64.0547222,24.7252778,252,2,E,Europe/Helsinki
466,Seinäjoki Airport,Seinäjoki / Ilmajoki,Finland,SJY,EFSI,62.692101,22.8323,302,2,E,Europe/Helsinki
467,Hernesaari Heliport,Helsinki,Finland,,EFHE,60.1477775573731,24.9244441986084,7,2,E,Europe/Helsinki
468,Isle of Man Airport,Isle Of Man,Isle of Man,IOM,EGNS,54.0833015441895,-4.6238899230957,52,0,E,Europe/Isle_of_Man
469,Güvercinlik Airport,Ankara,Turkey,,LTAB,39.9350013733,32.7407989502,2687,2,E,Europe/Istanbul
470,Esenboğa International Airport,Ankara,Turkey,ESB,LTAC,40.1281013489,32.995098114,3125,3,E,Europe/Istanbul
471,Etimesgut Air Base,Ankara,Turkey,ANK,LTAD,39.949798584,32.6885986328,2653,3,E,Europe/Istanbul
472,Akıncı Air Base,Ankara,Turkey,,LTAE,40.0788993835,32.5656013489,2767,3,E,Europe/Istanbul
473,Adana Airport,Adana,Turkey,ADA,LTAF,36.9822006226,35.2803993225,65,3,E,Europe/Istanbul
474,İncirlik Air Base,Adana,Turkey,UAB,LTAG,37.0021018982,35.4258995056,238,3,E,Europe/Istanbul
475,Afyon Airport,Afyon,Turkey,AFY,LTAH,38.726398468,30.6011009216,3310,3,E,Europe/Istanbul
476,Antalya International Airport,Antalya,Turkey,AYT,LTAI,36.898701,30.800501,177,3,E,Europe/Istanbul
477,Gaziantep International Airport,Gaziantep,Turkey,GZT,LTAJ,36.9472007751,37.4786987305,2315,3,E,Europe/Istanbul
478,İskenderun Airport,Iskenderun,Turkey,,LTAK,36.5744552612,36.1534194946,25,3,E,Europe/Istanbul
479,Konya Airport,Konya,Turkey,KYA,LTAN,37.979,32.561901,3392,3,E,Europe/Istanbul
480,Malatya Tulga Airport,Malatya,Turkey,,LTAO,38.353699,38.253899,3016,3,E,Europe/Istanbul
481,Amasya Merzifon Airport,Merzifon,Turkey,MZH,LTAP,40.829399,35.521999,1758,3,E,Europe/Istanbul
482,Sivas Nuri Demirağ Airport,Sivas,Turkey,VAS,LTAR,39.813801,36.9035,5239,3,E,Europe/Istanbul
483,Malatya Erhaç Airport,Malatya,Turkey,MLX,LTAT,38.4352989197,38.0909996033,2828,3,E,Europe/Istanbul
484,Kayseri Erkilet Airport,Kayseri,Turkey,ASR,LTAU,38.770401001,35.4953994751,3463,3,E,Europe/Istanbul
485,Sivrihisar Airport,Sivrihisar,Turkey,,LTAV,39.4514999389648,31.3652992248535,3185,3,E,Europe/Istanbul
486,Tokat Airport,Tokat,Turkey,TJK,LTAW,40.307430267334,36.3674087524414,1831,3,E,Europe/Istanbul
487,Çardak Airport,Denizli,Turkey,DNZ,LTAY,37.7855987549,29.7012996674,2795,3,E,Europe/Istanbul
488,Atatürk International Airport,Istanbul,Turkey,ISL,LTBA,40.976898,28.8146,163,3,E,Europe/Istanbul
489,Balıkesir Merkez Airport,Balikesir,Turkey,BZI,LTBF,39.6193008422852,27.9260005950928,340,3,E,Europe/Istanbul
490,Bandırma Airport,Bandirma,Turkey,BDM,LTBG,40.318000793457,27.9776992797852,170,3,E,Europe/Istanbul
491,Eskişehir Air Base,Eskisehir,Turkey,ESK,LTBI,39.7840995789,30.5820999146,2581,3,E,Europe/Istanbul
492,Adnan Menderes International Airport,Izmir,Turkey,ADB,LTBJ,38.2924003601,27.156999588,412,3,E,Europe/Istanbul
493,Gaziemir Airport,Izmir,Turkey,,LTBK,38.3190994262695,27.1594009399414,433,3,E,Europe/Istanbul
494,Çiğli Airport,Izmir,Turkey,IGL,LTBL,38.5130004883,27.010099411,16,3,E,Europe/Istanbul
495,Isparta Airport,Isparta,Turkey,,LTBM,37.7851219177246,30.5900192260742,3250,3,E,Europe/Istanbul
496,Kütahya Airport,Kutahya,Turkey,,LTBN,39.426700592041,30.0168991088867,3026,3,E,Europe/Istanbul
497,Yalova Airport,Yalova,Turkey,,LTBP,40.6843986511231,29.3756999969482,6,3,E,Europe/Istanbul
498,Cengiz Topel Airport,Topel,Turkey,KCO,LTBQ,40.7350006103516,30.0832996368408,182,3,E,Europe/Istanbul
499,Dalaman International Airport,Dalaman,Turkey,DLM,LTBS,36.7131004333,28.7924995422,20,3,E,Europe/Istanbul
500,Akhisar Airport,Akhisar,Turkey,,LTBT,38.8088989257813,27.8339004516602,263,3,E,Europe/Istanbul
501,Imsık Airport,Bodrum,Turkey,BXN,LTBV,37.1400985717773,27.6697006225586,202,3,E,Europe/Istanbul
502,Samandıra Air Base,Istanbul,Turkey,,LTBX,40.9930000305176,29.2164993286133,400,3,E,Europe/Istanbul
503,Elazığ Airport,Elazig,Turkey,EZS,LTCA,38.6068992615,39.2914009094,2927,3,E,Europe/Istanbul
504,Diyarbakir Airport,Diyabakir,Turkey,DIY,LTCC,37.893901825,40.2010002136,2251,3,E,Europe/Istanbul
505,Erzincan Airport,Erzincan,Turkey,ERC,LTCD,39.7102012634,39.5270004272,3783,3,E,Europe/Istanbul
506,Erzurum International Airport,Erzurum,Turkey,ERZ,LTCE,39.9565010071,41.1702003479,5763,3,E,Europe/Istanbul
507,Trabzon International Airport,Trabzon,Turkey,TZX,LTCG,40.9950981140137,39.7896995544434,104,3,E,Europe/Istanbul
508,Van Ferit Melen Airport,Van,Turkey,VAN,LTCI,38.4682006835938,43.3322982788086,5480,3,E,Europe/Istanbul
509,Batman Airport,Batman,Turkey,BAL,LTCJ,37.9290008545,41.1166000366,1822,3,E,Europe/Istanbul
510,Siirt Airport,Siirt,Turkey,SXZ,LTCL,37.9789009094238,41.8404006958008,2001,3,E,Europe/Istanbul
511,Kaklıç Airport,Izmir,Turkey,,LTFA,38.5176010131836,26.9773998260498,13,3,E,Europe/Istanbul
512,Selçuk Efes Airport,Izmir,Turkey,,LTFB,37.9506988525391,27.3290004730225,10,3,E,Europe/Istanbul
513,Nevşehir Kapadokya Airport,Nevsehir,Turkey,NAV,LTAZ,38.7719,34.5345,3100,3,E,Europe/Istanbul
514,Milas Bodrum International Airport,Bodrum,Turkey,BJV,LTFE,37.2505989075,27.6643009186,21,3,E,Europe/Istanbul
515,Sabiha Gökçen International Airport,Istanbul,Turkey,SAW,LTFJ,40.898601532,29.3092002869,312,3,E,Europe/Istanbul
516,Uşak Airport,Usak,Turkey,USQ,LTBO,38.6814994812012,29.471700668335,2897,3,E,Europe/Istanbul
517,Kars Airport,Kars,Turkey,KSY,LTCF,40.562198638916,43.1150016784668,5889,3,E,Europe/Istanbul
518,Şanlıurfa Airport,Sanliurfa,Turkey,SFQ,LTCH,37.0942993164063,38.8470993041992,1483,3,E,Europe/Istanbul
519,Kahramanmaraş Airport,Kahramanmaras,Turkey,KCM,LTCN,37.5388259888,36.9535217285,1723,3,E,Europe/Istanbul
520,Ağrı Airport,Agri,Turkey,AJI,LTCO,39.654541015625,43.0259780883789,5462,3,E,Europe/Istanbul
521,Adıyaman Airport,Adiyaman,Turkey,ADF,LTCP,37.7313995361,38.4688987732,2216,3,E,Europe/Istanbul
522,Süleyman Demirel International Airport,Isparta,Turkey,ISE,LTFC,37.8554000854,30.3684005737,2835,3,E,Europe/Istanbul
523,Balıkesir Körfez Airport,Balikesir Korfez,Turkey,EDO,LTFD,39.554599762,27.0137996674,50,3,E,Europe/Istanbul
524,Samsun Çarşamba Airport,Samsun,Turkey,SZF,LTFH,41.254501,36.567101,18,3,E,Europe/Istanbul
525,Mardin Airport,Mardin,Turkey,MQM,LTCR,37.2233009338,40.6316986084,1729,3,E,Europe/Istanbul
526,Anadolu Airport,Eskissehir,Turkey,AOE,LTBY,39.809898,30.5194,2588,3,E,Europe/Istanbul
527,Çanakkale Airport,Canakkale,Turkey,CKZ,LTBH,40.1376991272,26.4267997742,23,3,E,Europe/Istanbul
528,Muş Airport,Mus,Turkey,MSR,LTCK,38.7477989196777,41.6612014770508,4157,3,E,Europe/Istanbul
529,Sinop Airport,Sinop,Turkey,NOP,LTCM,42.015800476074,35.066398620605,20,3,E,Europe/Istanbul
530,Tekirdağ Çorlu Airport,Çorlu,Turkey,TEQ,LTBU,41.1381988525391,27.9190998077393,574,3,E,Europe/Istanbul
531,Bursa Yenişehir Airport,Yenisehir,Turkey,YEI,LTBR,40.2551994324,29.5625991821,764,3,E,Europe/Istanbul
532,Hatay Airport,Hatay,Turkey,HTY,LTDA,36.36277771,36.2822227478,269,3,U,Europe/Istanbul
533,Zonguldak Airport,Zonguldak,Turkey,ONQ,LTAS,41.506401062,32.0886001587,39,3,E,Europe/Istanbul
534,Gazipaşa Airport,Alanya,Turkey,GZP,LTGP,36.299217,32.300598,86,3,E,Europe/Istanbul
535,Iğdır Airport,Igdir,Turkey,IGD,LTCT,39.9766273499,43.8766479492,3101,3,E,Europe/Istanbul
536,Şanlıurfa GAP Airport,Sanliurfa,Turkey,GNY,LTCS,37.445663,38.895592,2708,3,E,Europe/Istanbul
537,Zafer Airport,Kutahya,Turkey,KZR,LTBZ,39.113079,30.128111,3327,3,E,Europe/Istanbul
538,Bingöl Çeltiksuyu Airport,Bingol,Turkey,BGG,LTCU,38.8592605591,40.5959625244,3506,3,E,Europe/Istanbul
539,Kastamonu Airport,Kastamonu,Turkey,KFS,LTAL,41.3142013549805,33.7957992553711,3520,3,E,Europe/Istanbul
540,Bursa Airport,Bursa,Turkey,BTZ,LTBE,40.2332992553711,29.0091991424561,331,3,U,Europe/Istanbul
541,Şırnak Şerafettin Elçi Airport,Cizre,Turkey,NKT,LTCV,37.3647,42.0582,2038,3,E,Europe/Istanbul
542,Jersey Airport,Jersey,Jersey,JER,EGJJ,49.2079010009766,-2.1955099105835,277,0,E,Europe/Jersey
543,Khrabrovo Airport,Kaliningrad,Russia,KGD,UMKK,54.8899993896484,20.5925998687744,42,2,N,Europe/Kaliningrad
544,Boryspil International Airport,Kiev,Ukraine,KBP,UKBB,50.3450012207031,30.8946990966797,427,2,E,Europe/Kiev
545,Donetsk International Airport,Donetsk,Ukraine,DOK,UKCC,48.073600769043,37.7397003173828,791,2,E,Europe/Kiev
546,Dnipropetrovsk International Airport,Dnepropetrovsk,Ukraine,DNK,UKDD,48.3572006225586,35.1006011962891,481,2,E,Europe/Kiev
547,Kiev Zhuliany International Airport,Kiev,Ukraine,IEV,UKKK,50.40194,30.45194,587,2,E,Europe/Kiev
548,Lviv International Airport,Lvov,Ukraine,LWO,UKLL,49.8125,23.9561004638672,1071,2,E,Europe/Kiev
549,Odessa International Airport,Odessa,Ukraine,ODS,UKOO,46.4267997741699,30.6765003204346,172,2,E,Europe/Kiev
550,Mariupol International Airport,Mariupol International,Ukraine,MPW,UKCM,47.076099395752,37.4496002197266,251,2,E,Europe/Kiev
551,Luhansk International Airport,Lugansk,Ukraine,VSG,UKCW,48.4174003601,39.3740997314,636,2,E,Europe/Kiev
552,Zaporizhzhia International Airport,Zaporozhye,Ukraine,OZH,UKDE,47.867000579834,35.3157005310059,373,2,E,Europe/Kiev
553,Kryvyi Rih International Airport,Krivoy Rog,Ukraine,KWG,UKDR,48.0433006286621,33.2099990844727,408,2,E,Europe/Kiev
554,Kharkiv International Airport,Kharkov,Ukraine,HRK,UKHH,49.9248008728027,36.2900009155273,508,2,E,Europe/Kiev
555,Ivano-Frankivsk International Airport,Ivano-Frankivsk,Ukraine,IFO,UKLI,48.8842010498047,24.6861000061035,919,2,E,Europe/Kiev
556,Chernivtsi International Airport,Chernovtsk,Ukraine,CWC,UKLN,48.2593002319336,25.9808006286621,826,2,E,Europe/Kiev
557,Rivne International Airport,Rivne,Ukraine,RWN,UKLR,50.6071014404297,26.1415996551514,755,2,E,Europe/Kiev
558,Uzhhorod International Airport,Uzhgorod,Ukraine,UDJ,UKLU,48.6343002319336,22.2633991241455,383,2,E,Europe/Kiev
559,Lutsk Airport,Lutsk,Ukraine,UCK,UKLC,50.678404,25.487165,774,2,U,Europe/Kiev
560,Chernihiv Shestovitsa Airport,Chernigov,Ukraine,CEJ,UKRR,51.4021987915,31.1583003998,446,2,E,Europe/Kiev
561,Ternopil International Airport,Ternopol,Ukraine,,UKLT,49.5242,25.7001,1072,2,E,Europe/Kiev
562,Cherkasy International Airport,Cherkassy,Ukraine,CKC,UKKE,49.4155998229981,31.9953002929688,375,2,E,Europe/Kiev
563,Mykolaiv International Airport,Nikolayev,Ukraine,NLV,UKON,47.0578994750977,31.9197998046875,184,2,E,Europe/Kiev
564,Kherson International Airport,Kherson,Ukraine,KHE,UKOH,46.6758,32.506401,148,2,E,Europe/Kiev
565,Kirovograd Airport,Kirovograd,Ukraine,KGO,UKKG,48.5428009033203,32.2849998474121,568,2,E,Europe/Kiev
566,Gostomel Airport,Kiev,Ukraine,GML,UKKM,50.6035003662109,30.1919002532959,517,2,E,Europe/Kiev
567,Vinnytsia/Gavyryshivka Airport,Vinnitsa,Ukraine,VIN,UKWW,49.242531,28.613778,961,2,E,Europe/Kiev
568,Suprunovka Airport,Poltava,Ukraine,PLV,UKHP,49.5685997009277,34.3972015380859,505,2,U,Europe/Kiev
569,Khmelnytskyi Airport,Khmeinitskiy,Ukraine,HMJ,UKLH,49.359699,26.933399,1150,2,E,Europe/Kiev
570,Zhytomyr Airport,Zhytomyr,Ukraine,ZTR,UKKV,50.270556,28.738611,0,2,E,Europe/Kiev
571,Alverca Air Base,Alverca,Portugal,AVR,LPAR,38.883301,-9.0301,11,0,E,Europe/Lisbon
572,Bragança Airport,Braganca,Portugal,BGC,LPBG,41.8578,-6.70713,2241,0,E,Europe/Lisbon
573,Beja Airport / Airbase,Beja (madeira),Portugal,BYJ,LPBJ,38.078899,-7.9324,636,0,E,Europe/Lisbon
574,Braga Municipal Aerodrome,Braga,Portugal,BGZ,LPBR,41.5871009827,-8.44513988495,247,0,E,Europe/Lisbon
575,Aerodromo Municipal de Coimbra,Coimba,Portugal,,LPCO,40.158758,-8.470815,587,0,E,Europe/Lisbon
576,Cascais Airport,Cascais,Portugal,CAT,LPCS,38.724998,-9.35523,325,0,E,Europe/Lisbon
577,Coimbra Hospital Covões Heliport,Covilha,Portugal,,LPCV,40.194812,-8.460207,265,0,E,Europe/Lisbon
578,Évora Airport,Evora,Portugal,,LPEV,38.533501,-7.88964,807,0,E,Europe/Lisbon
579,Faro Airport,Faro,Portugal,FAO,LPFR,37.0144004822,-7.96590995789,24,0,E,Europe/Lisbon
580,Monte Real Air Base,Monte Real,Portugal,QLR,LPMR,39.828335,-8.8875,187,0,E,Europe/Lisbon
581,Montijo Air Base,Montijo,Portugal,,LPMT,38.703899,-9.03592,46,0,E,Europe/Lisbon
582,Ovar Air Base,Ovar,Portugal,,LPOV,40.915901,-8.64592,56,0,E,Europe/Lisbon
583,Portimão Airport,Portimao,Portugal,PRM,LPPM,37.1493,-8.58396,5,0,E,Europe/Lisbon
584,Francisco de Sá Carneiro Airport,Porto,Portugal,OPO,LPPR,41.2481002808,-8.68138980865,228,0,E,Europe/Lisbon
585,Porto Santo Airport,Porto Santo,Portugal,PXO,LPPS,33.0733985901,-16.3500003815,341,0,E,Europe/Lisbon
586,Humberto Delgado Airport (Lisbon Portela Airport),Lisbon,Portugal,LIS,LPPT,38.7813,-9.13592,374,0,E,Europe/Lisbon
587,Sintra Air Base,Sintra,Portugal,,LPST,38.8311,-9.33955,440,0,E,Europe/Lisbon
588,Tancos Airbase,Tancos,Portugal,,LPTN,39.475101,-8.36458,266,0,E,Europe/Lisbon
589,Vila Real Airport,Vila Real,Portugal,VRL,LPVR,41.2743,-7.72047,1805,0,E,Europe/Lisbon
590,Aerodromo Goncalves Lobato (Viseu Airport),Viseu,Portugal,VSE,LPVZ,40.725498,-7.88899,2060,0,E,Europe/Lisbon
591,Madeira Airport,Funchal,Portugal,FNC,LPMA,32.697899,-16.7745,192,0,E,Europe/Lisbon
592,São Jacinto Airport,Aveiro,Portugal,,LPAV,40.656741,-8.741544,26,0,E,Europe/Lisbon
593,Cerklje Airport,Cerklje,Slovenia,,LJCE,45.900001525879,15.530200004578,510,1,E,Europe/Ljubljana
594,Ljubljana Jože Pučnik Airport,Ljubljana,Slovenia,LJU,LJLJ,46.223701,14.4576,1273,1,E,Europe/Ljubljana
595,Maribor Airport,Maribor,Slovenia,MBX,LJMB,46.4799003601074,15.6861000061035,876,1,E,Europe/Ljubljana
596,Portoroz Airport,Portoroz,Slovenia,POW,LJPZ,45.4734001159668,13.6149997711182,7,1,E,Europe/Ljubljana
597,Slovenj Gradec Airport,Slovenj Gradec,Slovenia,,LJSG,46.4720001220703,15.1169996261597,1645,1,E,Europe/Ljubljana
598,Belfast International Airport,Belfast,United Kingdom,BFS,EGAA,54.6575012207,-6.21582984924,268,0,E,Europe/London
599,St Angelo Airport,Enniskillen,United Kingdom,ENK,EGAB,54.3988990783691,-7.65166997909546,155,0,E,Europe/London
600,George Best Belfast City Airport,Belfast,United Kingdom,BHD,EGAC,54.6180992126465,-5.87249994277954,15,0,E,Europe/London
601,City of Derry Airport,Londonderry,United Kingdom,LDY,EGAE,55.0428009033203,-7.16110992431641,22,0,E,Europe/London
602,Birmingham International Airport,Birmingham,United Kingdom,BHX,EGBB,52.4538993835,-1.74802994728,327,0,E,Europe/London
603,Coventry Airport,Coventry,United Kingdom,CVT,EGBE,52.3697013855,-1.47971999645,267,0,E,Europe/London
604,Leicester Airport,Leicester,United Kingdom,,EGBG,52.6077995300293,-1.03193998336792,469,0,E,Europe/London
605,Gloucestershire Airport,Golouchestershire,United Kingdom,GLO,EGBJ,51.8941993713379,-2.16722011566162,101,0,E,Europe/London
606,Wolverhampton Halfpenny Green Airport,Halfpenny Green,United Kingdom,,EGBO,52.5175018310547,-2.25943994522095,283,0,E,Europe/London
607,Cotswold Airport,Pailton,United Kingdom,GBA,EGBP,51.668095,-2.05694,433,0,E,Europe/London
608,Turweston Airport,Turweston,United Kingdom,,EGBT,52.0407981873,-1.09555995464,448,0,E,Europe/London
609,Wellesbourne Mountford Airport,Wellesbourne,United Kingdom,,EGBW,52.1921997070313,-1.61443996429443,159,0,E,Europe/London
610,Manchester Airport,Manchester,United Kingdom,MAN,EGCC,53.3536987304688,-2.27495002746582,257,0,E,Europe/London
611,Manchester Woodford Airport,Woodfort,United Kingdom,,EGCD,53.3381,-2.14889,295,0,E,Europe/London
612,Royal Marines Base Chivenor Airport,Chivenor,United Kingdom,,EGDC,51.0872001647949,-4.15034008026123,27,0,E,Europe/London
613,Newquay Cornwall Airport,Newquai,United Kingdom,NQY,EGHQ,50.440601348877,-4.99540996551514,390,0,E,Europe/London
614,RAF Lyneham,Lyneham,United Kingdom,LYE,EGDL,51.5051,-1.99343,513,0,E,Europe/London
615,MoD Boscombe Down Airport,Boscombe Down,United Kingdom,,EGDM,51.1521987915039,-1.74741005897522,407,0,E,Europe/London
616,RNAS Culdrose,Culdrose,United Kingdom,,EGDR,50.0861015319824,-5.25571012496948,267,0,E,Europe/London
617,MoD St. Athan,St. Athan,United Kingdom,,EGDX,51.4048,-3.43575,163,0,E,Europe/London
618,RNAS Yeovilton,Yeovilton,United Kingdom,YEO,EGDY,51.0093994140625,-2.63881993293762,75,0,E,Europe/London
619,Haverfordwest Airport,Haverfordwest,United Kingdom,HAW,EGFE,51.8330993652344,-4.96111011505127,159,0,E,Europe/London
620,Cardiff International Airport,Cardiff,United Kingdom,CWL,EGFF,51.3967018127441,-3.34332990646362,220,0,E,Europe/London
621,Swansea Airport,Swansea,United Kingdom,SWS,EGFH,51.6053009033203,-4.06783008575439,299,0,E,Europe/London
622,Bristol Airport,Bristol,United Kingdom,BRS,EGGD,51.382702,-2.71909,622,0,E,Europe/London
623,Liverpool John Lennon Airport,Liverpool,United Kingdom,LPL,EGGP,53.3335990905762,-2.8497200012207,80,0,E,Europe/London
624,London Luton Airport,London,United Kingdom,LTN,EGGW,51.874698638916,-0.368333011865616,526,0,E,Europe/London
625,Plymouth City Airport,Plymouth,United Kingdom,PLH,EGHD,50.422798,-4.10583,476,0,E,Europe/London
626,Bournemouth Airport,Bournemouth,United Kingdom,BOH,EGHH,50.7799987792969,-1.84249997138977,38,0,E,Europe/London
627,Southampton Airport,Southampton,United Kingdom,SOU,EGHI,50.9502983093262,-1.35679996013641,44,0,E,Europe/London
628,Lasham Airport,Lasham,United Kingdom,QLA,EGHL,51.187198638916,-1.03349995613098,618,0,E,Europe/London
629,Shoreham Airport,Shoreham By Sea,United Kingdom,ESH,EGKA,50.835602,-0.297222,7,0,E,Europe/London
630,London Biggin Hill Airport,Biggin Hill,United Kingdom,BQH,EGKB,51.3307991028,0.0324999988079,598,0,E,Europe/London
631,London Gatwick Airport,London,United Kingdom,LGW,EGKK,51.148102,-0.190278,202,0,E,Europe/London
632,London City Airport,London,United Kingdom,LCY,EGLC,51.505299,0.055278,19,0,E,Europe/London
633,Farnborough Airport,Farnborough,United Kingdom,FAB,EGLF,51.2757987976,-0.776332974434,238,0,E,Europe/London
634,Chalgrove Airport,Chalsgrove,United Kingdom,,EGLJ,51.6761016845703,-1.0808299779892,240,0,E,Europe/London
635,Blackbushe Airport,Blackbushe,United Kingdom,BBS,EGLK,51.3238983154297,-0.847500026226044,325,0,E,Europe/London
636,London Heathrow Airport,London,United Kingdom,LHR,EGLL,51.4706,-0.461941,83,0,E,Europe/London
637,Southend Airport,Southend,United Kingdom,SEN,EGMC,51.5713996887207,0.695555984973908,49,0,E,Europe/London
638,Lydd Airport,Lydd,United Kingdom,LYX,EGMD,50.9561004638672,0.939167022705078,13,0,E,Europe/London
639,Kent International Airport,Manston,United Kingdom,MSE,EGMH,51.342201,1.34611,178,0,E,Europe/London
640,Brough Airport,Brough,United Kingdom,,EGNB,53.7197,-0.566333,12,0,E,Europe/London
641,Carlisle Airport,Carlisle,United Kingdom,CAX,EGNC,54.9375,-2.80917000770569,190,0,E,Europe/London
642,Retford Gamston Airport,Repton,United Kingdom,,EGNE,53.2806015014648,-0.951389014720917,91,0,E,Europe/London
643,Blackpool International Airport,Blackpool,United Kingdom,BLK,EGNH,53.7717018127441,-3.02860999107361,34,0,E,Europe/London
644,Humberside Airport,Humberside,United Kingdom,HUY,EGNJ,53.5744018554688,-0.350832998752594,121,0,E,Europe/London
645,Barrow Walney Island Airport,Barrow Island,United Kingdom,BWF,EGNL,54.1286111,-3.2675,173,0,E,Europe/London
646,Leeds Bradford Airport,Leeds,United Kingdom,LBA,EGNM,53.8658981323242,-1.66057002544403,681,0,E,Europe/London
647,Warton Airport,Warton,United Kingdom,WRT,EGNO,53.745098,-2.88306,55,0,E,Europe/London
648,Hawarden Airport,Hawarden,United Kingdom,CEG,EGNR,53.1781005859375,-2.97778010368347,45,0,E,Europe/London
649,Newcastle Airport,Newcastle,United Kingdom,NCL,EGNT,55.0374984741211,-1.69166994094849,266,0,E,Europe/London
650,Durham Tees Valley Airport,Teesside,United Kingdom,MME,EGNV,54.5092010498047,-1.42940998077393,120,0,E,Europe/London
651,East Midlands Airport,East Midlands,United Kingdom,EMA,EGNX,52.8311004639,-1.32806003094,306,0,E,Europe/London
652,Llanbedr Airport,Llanbedr,United Kingdom,,EGOD,52.811698913574,-4.1235799789429,30,0,E,Europe/London
653,RAF Ternhill,Ternhill,United Kingdom,,EGOE,52.8712005615234,-2.53356003761292,272,0,E,Europe/London
654,RAF Shawbury,Shawbury,United Kingdom,,EGOS,52.7981986999512,-2.66804003715515,249,0,E,Europe/London
655,RAF Woodvale,Woodvale,United Kingdom,,EGOW,53.5816,-3.05552,37,0,E,Europe/London
656,Kirkwall Airport,Kirkwall,United Kingdom,KOI,EGPA,58.9578018188477,-2.90499997138977,50,0,E,Europe/London
657,Sumburgh Airport,Sumburgh,United Kingdom,LSI,EGPB,59.8788986206055,-1.29556000232697,20,0,E,Europe/London
658,Wick Airport,Wick,United Kingdom,WIC,EGPC,58.4589004516602,-3.09306001663208,126,0,E,Europe/London
659,Aberdeen Dyce Airport,Aberdeen,United Kingdom,ABZ,EGPD,57.2019004821777,-2.19777989387512,215,0,E,Europe/London
660,Inverness Airport,Inverness,United Kingdom,INV,EGPE,57.5424995422363,-4.0475001335144,31,0,E,Europe/London
661,Glasgow International Airport,Glasgow,United Kingdom,GLA,EGPF,55.8718986511,-4.43306016922,26,0,E,Europe/London
662,Edinburgh Airport,Edinburgh,United Kingdom,EDI,EGPH,55.9500007629395,-3.37249994277954,135,0,E,Europe/London
663,Islay Airport,Islay,United Kingdom,ILY,EGPI,55.6819000244141,-6.25666999816895,56,0,E,Europe/London
664,Glasgow Prestwick Airport,Prestwick,United Kingdom,PIK,EGPK,55.5093994140625,-4.586669921875,65,0,E,Europe/London
665,Benbecula Airport,Benbecula,United Kingdom,BEB,EGPL,57.4810981750488,-7.36278009414673,19,0,E,Europe/London
666,Scatsta Airport,Scatsta,United Kingdom,SCS,EGPM,60.4328002929688,-1.29611003398895,81,0,E,Europe/London
667,Dundee Airport,Dundee,United Kingdom,DND,EGPN,56.4524993896484,-3.02583003044128,17,0,E,Europe/London
668,Stornoway Airport,Stornoway,United Kingdom,SYY,EGPO,58.2155990600586,-6.33111000061035,26,0,E,Europe/London
669,Tiree Airport,Tiree,United Kingdom,TRE,EGPU,56.4991989135742,-6.86917018890381,38,0,E,Europe/London
670,RAF Leuchars,Leuchars,United Kingdom,ADX,EGQL,56.3728981018066,-2.86843991279602,38,0,E,Europe/London
671,RAF Lossiemouth,Lossiemouth,United Kingdom,LMO,EGQS,57.7052001953125,-3.33916997909546,42,0,E,Europe/London
672,Cambridge Airport,Cambridge,United Kingdom,CBG,EGSC,52.205002,0.175,47,0,E,Europe/London
673,Peterborough Business Airport,Peterborough,United Kingdom,,EGSF,52.4681015014648,-0.251111000776291,26,0,E,Europe/London
674,Norwich International Airport,Norwich,United Kingdom,NWI,EGSH,52.6758003235,1.28278005123,117,0,E,Europe/London
675,London Stansted Airport,London,United Kingdom,STN,EGSS,51.8849983215,0.234999999404,348,0,E,Europe/London
676,North Weald Airport,North Weald,United Kingdom,,EGSX,51.721698761,0.154166996479,321,0,E,Europe/London
677,Sheffield City Heliport,Fowlmere,United Kingdom,,EGSY,53.394299,-1.38849,231,0,E,Europe/London
678,Cranfield Airport,Cranfield,United Kingdom,,EGTC,52.0722007751,-0.616666972637,358,0,E,Europe/London
679,Exeter International Airport,Exeter,United Kingdom,EXT,EGTE,50.7344017028809,-3.41388988494873,102,0,E,Europe/London
680,Bristol Filton Airport,Bristol,United Kingdom,FZO,EGTG,51.5194015503,-2.59083008766,226,0,E,Europe/London
681,Oxford (Kidlington) Airport,Oxford,United Kingdom,OXF,EGTK,51.8368988037,-1.32000005245,270,0,E,Europe/London
682,RAF Benson,Benson,United Kingdom,BEX,EGUB,51.6164016724,-1.09582996368,226,0,E,Europe/London
683,RAF Lakenheath,Lakenheath,United Kingdom,LKZ,EGUL,52.4093017578,0.56099998951,32,0,E,Europe/London
684,RAF Mildenhall,Mildenhall,United Kingdom,MHZ,EGUN,52.3619003295898,0.486405998468399,33,0,E,Europe/London
685,RAF Wattisham,Wattisham,United Kingdom,,EGUW,52.1273002625,0.956264019012,284,0,E,Europe/London
686,RAF Wyton,Wyton,United Kingdom,QUY,EGUY,52.3572006226,-0.107832998037,135,0,E,Europe/London
687,RAF Fairford,Fairford,United Kingdom,FFD,EGVA,51.6822013855,-1.79003000259,286,0,E,Europe/London
688,RAF Brize Norton,Brize Norton,United Kingdom,BZZ,EGVN,51.75,-1.58362,288,0,E,Europe/London
689,RAF Odiham,Odiham,United Kingdom,ODH,EGVO,51.2341003418,-0.94282501936,405,0,E,Europe/London
690,DCAE Cosford Air Base,Cosford,United Kingdom,,EGWC,52.639999,-2.30558,272,0,E,Europe/London
691,RAF Northolt,Northolt,United Kingdom,NHT,EGWU,51.5530014038,-0.418166995049,124,0,E,Europe/London
692,RAF Coningsby,Coningsby,United Kingdom,QCY,EGXC,53.0929985046,-0.166014000773,25,0,E,Europe/London
693,RAF Dishforth,Dishforth,United Kingdom,,EGXD,54.1371994019,-1.42025005817,117,0,E,Europe/London
694,Leeming Airport,Leeming,United Kingdom,,EGXE,54.2924,-1.5354,132,0,E,Europe/London
695,Leeds East Airport,Church Fenton,United Kingdom,,EGXG,53.834301,-1.1955,29,0,E,Europe/London
696,RAF Honington,Honington,United Kingdom,BEQ,EGXH,52.3426017761231,0.772939026355743,174,0,E,Europe/London
697,RAF Cottesmore,Cottesmore,United Kingdom,,EGXJ,52.735699,-0.648769,461,0,E,Europe/London
698,RAF Scampton,Scampton,United Kingdom,SQZ,EGXP,53.307800293,-0.550832986832,202,0,E,Europe/London
699,RAF Wittering,Wittering,United Kingdom,,EGXT,52.612598,-0.476453,273,0,E,Europe/London
700,RAF Linton-On-Ouse,Linton-on-ouse,United Kingdom,HRT,EGXU,54.0489006042,-1.2527500391,53,0,E,Europe/London
701,RAF Waddington,Waddington,United Kingdom,WTN,EGXW,53.1661987305,-0.523810982704,231,0,E,Europe/London
702,RAF Topcliffe,Topcliffe,United Kingdom,,EGXZ,54.2055015564,-1.3820899725,92,0,E,Europe/London
703,RAF Cranwell,Cranwell,United Kingdom,,EGYD,53.0303001404,-0.48324200511,218,0,E,Europe/London
704,RAF Barkston Heath,Barkston Heath,United Kingdom,,EGYE,52.9622001648,-0.561625003815,367,0,E,Europe/London
705,RAF Marham,Marham,United Kingdom,KNF,EGYM,52.648395,0.550692,75,0,E,Europe/London
706,RAF Akrotiri,Akrotiri,Cyprus,AKT,LCRA,34.590401,32.9879,76,0,E,Europe/London
707,St. Mary's Airport,ST MARY\'S,United Kingdom,ISC,EGHE,49.9132995605469,-6.29166984558106,116,0,E,Europe/London
708,Nottingham Airport,Nottingham,United Kingdom,NQT,EGBN,52.9199981689453,-1.0791699886322,138,0,E,Europe/London
709,Robin Hood Doncaster Sheffield Airport,"Doncaster, Sheffield",United Kingdom,DSA,EGCN,53.4805378105,-1.01065635681,55,0,E,Europe/London
710,Campbeltown Airport,Campbeltown,United Kingdom,CAL,EGEC,55.437198638916,-5.6863899230957,42,0,E,Europe/London
711,Eday Airport,Eday,United Kingdom,EOI,EGED,59.190601348877,-2.77221989631653,10,0,E,Europe/London
712,Fair Isle Airport,Fair Isle,United Kingdom,FIE,EGEF,59.5358009338379,-1.62805998325348,223,0,E,Europe/London
713,North Ronaldsay Airport,North Ronaldsay,United Kingdom,NRL,EGEN,59.3675003052,-2.43443989754,40,0,E,Europe/London
714,Papa Westray Airport,Papa Westray,United Kingdom,PPW,EGEP,59.3516998291,-2.90027999878,91,0,E,Europe/London
715,Stronsay Airport,Stronsay,United Kingdom,SOY,EGER,59.1553001404,-2.64139008522,39,0,E,Europe/London
716,Sanday Airport,Sanday,United Kingdom,NDY,EGES,59.250301361084,-2.57666993141174,68,0,E,Europe/London
717,Lerwick / Tingwall Airport,Lerwick,United Kingdom,LWK,EGET,60.192199707,-1.24361002445,43,0,E,Europe/London
718,Westray Airport,Westray,United Kingdom,WRY,EGEW,59.3502998352,-2.95000004768,29,0,E,Europe/London
719,Land's End Airport,Land's End,United Kingdom,LEQ,EGHC,50.102798,-5.67056,398,0,E,Europe/London
720,Penzance Heliport,Penzance,United Kingdom,PZE,EGHK,50.128101,-5.51845,14,0,E,Europe/London
721,Anglesey Airport,Angelsey,United Kingdom,VLY,EGOV,53.2481002808,-4.53533983231,37,0,E,Europe/London
722,Barra Airport,Barra,United Kingdom,BRR,EGPR,57.0228,-7.44306,5,0,E,Europe/London
723,Outer Skerries Airport,Outer Skerries,United Kingdom,OUK,EGOU,60.4252,-0.75,76,0,E,Europe/London
724,Unst Airport,Unst,United Kingdom,UNT,EGPW,60.747200012207,-0.85385000705719,0,0,E,Europe/London
725,Oban Airport,North Connel,United Kingdom,OBN,EGEO,56.4635009765625,-5.39967012405396,20,0,E,Europe/London
726,Isle of Wight / Sandown Airport,Isle Of Wight,United Kingdom,,EGHN,50.653099,-1.18221998,55,0,E,Europe/London
727,Lympne Airport,Lympne,United Kingdom,LYM,EGMK,51.08,1.013,351,0,E,Europe/London
728,Colonsay Airstrip,Colonsay,United Kingdom,CSA,EGEY,56.0574989319,-6.243060112,44,0,U,Europe/London
729,Tresco Heliport,Tresco,United Kingdom,,EGHT,49.9455986022949,-6.33138990402222,20,0,U,Europe/London
730,London Heliport,London,United Kingdom,,EGLW,51.4697227478,-0.179444000125,18,0,E,Europe/London
731,White Waltham Airfield,Maidenhead,United Kingdom,,EGLM,51.5008010864,-0.774443984032,131,0,E,Europe/London
732,Wycombe Air Park,Wycombe,United Kingdom,HYC,EGTB,51.6116981506,-0.808332979679,515,0,E,Europe/London
733,Bembridge Airport,Bembridge,United Kingdom,BBP,EGHJ,50.6781005859,-1.10943996906,53,0,E,Europe/London
734,Compton Abbas Aerodrome,Shaftesbury,United Kingdom,,EGHA,50.9672012329102,-2.15360999107361,811,0,U,Europe/London
735,Glasgow City Heliport,Glasgow,United Kingdom,,EGEG,55.8613891601563,-4.29694414138794,0,0,E,Europe/London
736,Perth/Scone Airport,Perth,United Kingdom,PSL,EGPT,56.4392013549805,-3.37222003936768,397,0,E,Europe/London
737,Caernarfon Airport,Caernarfon,United Kingdom,,EGCK,53.101819,-4.337614,1,0,E,Europe/London
738,Duxford Aerodrome,Duxford,United Kingdom,QFO,EGSU,52.090801,0.131944,125,0,E,Europe/London
739,Fairoaks Airport,Fairoaks,United Kingdom,,EGTF,51.3480987549,-0.558888971806,80,0,U,Europe/London
740,Rochester Airport,Rochester,United Kingdom,RCS,EGTO,51.3518981933594,0.50333297252655,436,0,E,Europe/London
741,Beccles Airport,Beccles,United Kingdom,,EGSM,52.4352989197,1.61833000183,80,0,E,Europe/London
742,RAF Brawdy,Brawdy,United Kingdom,,EGDA,51.88375,-5.119972,0,0,E,Europe/London
743,Redhill Aerodrome,Redhill,United Kingdom,KRH,EGKR,51.2136001587,-0.138611003757,222,0,E,Europe/London
744,Enstone Aerodrome,Enstone,United Kingdom,,EGTN,51.9281666667,-1.4285,550,0,U,Europe/London
745,Elstree Airfield,Elstree,United Kingdom,,EGTR,51.6557998657,-0.325832992792,332,0,E,Europe/London
746,Sandtoft Airfield,Sandtoft,United Kingdom,,EGCF,53.5597000122,-0.8583329916,11,0,E,Europe/London
747,Popham Airfield,Popham,United Kingdom,,EGHP,51.193901,-1.23472,550,0,E,Europe/London
748,City Airport Manchester,Manchester,United Kingdom,,EGCB,53.471698761,-2.38971996307,73,0,U,Europe/London
749,Sleap Airport,Shrewsbury,United Kingdom,,EGCV,52.8339004517,-2.77167010307,275,0,U,Europe/London
750,Tatenhill Airfield,Burton-on-Trent,United Kingdom,,EGBM,52.8147010803,-1.76110994816,439,0,U,Europe/London
751,Full Sutton Airfield,York,United Kingdom,,EGNU,53.980598,-0.864722,86,0,U,Europe/London
752,Sherburn-In-Elmet Airfield,Leeds,United Kingdom,,EGCJ,53.788458,-1.216877,26,0,U,Europe/London
753,Luxembourg-Findel International Airport,Luxemburg,Luxembourg,LUX,ELLX,49.6233333,6.2044444,1234,1,E,Europe/Luxembourg
754,Melilla Airport,Melilla,Spain,MLN,GEML,35.279800415,-2.9562599659,156,1,E,Europe/Madrid
755,Albacete-Los Llanos Airport,Albacete,Spain,ABC,LEAB,38.9485015869,-1.86352002621,2302,1,E,Europe/Madrid
756,Alicante International Airport,Alicante,Spain,ALC,LEAL,38.2821998596191,-0.55815601348877,142,1,E,Europe/Madrid
757,Almería International Airport,Almeria,Spain,LEI,LEAM,36.8438987731934,-2.3701000213623,70,1,E,Europe/Madrid
758,Asturias Airport,Aviles,Spain,OVD,LEAS,43.5635986328125,-6.03461980819702,416,1,E,Europe/Madrid
759,Córdoba Airport,Cordoba,Spain,ODB,LEBA,37.8419990539551,-4.84887981414795,297,1,E,Europe/Madrid
760,Bilbao Airport,Bilbao,Spain,BIO,LEBB,43.3011016845703,-2.91060996055603,138,1,E,Europe/Madrid
761,Barcelona International Airport,Barcelona,Spain,BCN,LEBL,41.2971,2.07846,12,1,E,Europe/Madrid
762,Badajoz Airport,Badajoz,Spain,BJZ,LEBZ,38.891300201416,-6.82133007049561,609,1,E,Europe/Madrid
763,A Coruña Airport,La Coruna,Spain,LCG,LECO,43.302101,-8.37726,326,1,E,Europe/Madrid
764,Armilla Air Base,Granada,Spain,,LEGA,37.1332016,-3.63568997,2297,1,E,Europe/Madrid
765,Girona Airport,Gerona,Spain,GRO,LEGE,41.901000977,2.7605500221,468,1,E,Europe/Madrid
766,Federico Garcia Lorca Airport,Granada,Spain,GRX,LEGR,37.1887016296387,-3.77735996246338,1860,1,E,Europe/Madrid
767,Getafe Air Base,Madrid,Spain,,LEGT,40.2941017150879,-3.72382998466492,2031,1,E,Europe/Madrid
768,Ibiza Airport,Ibiza,Spain,IBZ,LEIB,38.8728981018,1.37311995029,24,1,E,Europe/Madrid
769,Jerez Airport,Jerez,Spain,XRY,LEJR,36.7445983886719,-6.06011009216309,93,1,E,Europe/Madrid
770,San Javier Airport,Murcia,Spain,MJV,LELC,37.7750015258789,-0.812389016151428,11,1,E,Europe/Madrid
771,Adolfo Suárez Madrid–Barajas Airport,Madrid,Spain,MAD,LEMD,40.471926,-3.56264,1998,1,E,Europe/Madrid
772,Málaga Airport,Malaga,Spain,AGP,LEMG,36.6749000549316,-4.49911022186279,53,1,E,Europe/Madrid
773,Menorca Airport,Menorca,Spain,MAH,LEMH,39.8625984191895,4.21864986419678,302,1,E,Europe/Madrid
774,Moron Air Base,Sevilla,Spain,OZP,LEMO,37.1749000549316,-5.61594009399414,285,1,E,Europe/Madrid
775,Ocaña Airport,Ocana,Spain,,LEOC,39.9375,-3.50332999229431,2405,1,E,Europe/Madrid
776,Pamplona Airport,Pamplona,Spain,PNA,LEPP,42.7700004577637,-1.64632999897003,1504,1,E,Europe/Madrid
777,Alcantarilla Air Base,Murcia,Spain,,LERI,37.951099,-1.23032,250,1,E,Europe/Madrid
778,Reus Air Base,Reus,Spain,REU,LERS,41.1473999023438,1.16717004776001,233,1,E,Europe/Madrid
779,Rota Naval Station Airport,Rota,Spain,ROZ,LERT,36.645198822,-6.34946012497,86,1,E,Europe/Madrid
780,Salamanca Airport,Salamanca,Spain,SLM,LESA,40.9520988464356,-5.50198984146118,2595,1,E,Europe/Madrid
781,Son Bonet Airport,Son Bonet,Spain,,LESB,39.5988998413086,2.70278000831604,157,1,E,Europe/Madrid
782,San Luis Airport,San Luis,Spain,,LESL,39.8622016906738,4.25832986831665,197,1,E,Europe/Madrid
783,San Sebastian Airport,San Sebastian,Spain,EAS,LESO,43.3564987182617,-1.79060995578766,16,1,E,Europe/Madrid
784,Santiago de Compostela Airport,Santiago,Spain,SCQ,LEST,42.8963012695313,-8.41514015197754,1213,1,E,Europe/Madrid
785,Pirineus - la Seu d'Urgel Airport,Seo De Urgel,Spain,LEU,LESU,42.3386,1.40917,2625,1,E,Europe/Madrid
786,Torrejón Airport,Madrid,Spain,TOJ,LETO,40.4967002868652,-3.44586992263794,2026,1,E,Europe/Madrid
787,Valencia Airport,Valencia,Spain,VLC,LEVC,39.4893,-0.481625,240,1,E,Europe/Madrid
788,Valladolid Airport,Valladolid,Spain,VLL,LEVD,41.7061004639,-4.85194015503,2776,1,E,Europe/Madrid
789,Vitoria/Foronda Airport,Vitoria,Spain,VIT,LEVT,42.8828010559082,-2.72446990013123,1682,1,E,Europe/Madrid
790,Vigo Airport,Vigo,Spain,VGO,LEVX,42.2318000793457,-8.62677001953125,856,1,E,Europe/Madrid
791,Santander Airport,Santander,Spain,SDR,LEXJ,43.4271011352539,-3.82000994682312,16,1,E,Europe/Madrid
792,Zaragoza Air Base,Zaragoza,Spain,ZAZ,LEZG,41.6661987304688,-1.04155004024506,863,1,E,Europe/Madrid
793,Sevilla Airport,Sevilla,Spain,SVQ,LEZL,37.4179992675781,-5.8931097984314,112,1,E,Europe/Madrid
794,Palma De Mallorca Airport,Palma de Mallorca,Spain,PMI,LEPA,39.551700592,2.73881006241,27,1,E,Europe/Madrid
795,Logroño-Agoncillo Airport,Logroño-Agoncillo,Spain,RJL,LELO,42.4609534888,-2.32223510742,1161,1,E,Europe/Madrid
796,Leon Airport,Leon,Spain,LEN,LELN,42.5890007019043,-5.65556001663208,3006,1,E,Europe/Madrid
797,Burgos Airport,Burgos,Spain,RGS,LEBG,42.357601,-3.62076,2945,1,E,Europe/Madrid
798,Sabadell Airport,Sabadell,Spain,QSA,LELL,41.5209007263184,2.10507988929749,485,1,E,Europe/Madrid
799,Lleida-Alguaire Airport,Lleida,Spain,ILD,LEDA,41.728185,0.535023,1170,1,E,Europe/Madrid
800,Huesca/Pirineos Airport,Huesca,Spain,HSK,LEHC,42.0760993958,-0.316666990519,1768,1,U,Europe/Madrid
801,Ciudad Real Central Airport,Ciudad Real,Spain,CQM,LERL,38.8563888889,-3.97,0,1,U,Europe/Madrid
802,La Cerdanya Airport,Das i Fontanals de Cerdanya,Spain,,LECD,42.3863983154297,1.86667001247406,3586,1,E,Europe/Madrid
803,Fuentemilanos Airport,Segovia,Spain,,LEFM,40.8886108398,-4.23750019073,3307,1,E,Europe/Madrid
804,Malta International Airport,Malta,Malta,MLA,LMML,35.857498,14.4775,300,1,E,Europe/Malta
805,Xewkija Heliport,Gozo,Malta,GZM,LMMG,36.027199,14.2728,0,1,E,Europe/Malta
806,Mariehamn Airport,Mariehamn,Finland,MHQ,EFMA,60.122200012207,19.898199081421,17,2,E,Europe/Mariehamn
807,Gomel Airport,Gomel,Belarus,GME,UMGG,52.5270004272461,31.0167007446289,472,3,E,Europe/Minsk
808,Vitebsk Vostochny Airport,Vitebsk,Belarus,VTB,UMII,55.126499176025,30.349599838257,682,3,E,Europe/Minsk
809,Minsk 1 Airport,Minsk,Belarus,MHP,UMMM,53.8644981384277,27.5396995544434,748,3,E,Europe/Minsk
810,Minsk National Airport,Minsk 2,Belarus,MSQ,UMMS,53.882499694824,28.030700683594,670,3,E,Europe/Minsk
811,Hrodna Airport,Hrodna,Belarus,GNA,UMMG,53.6020011901856,24.0538005828857,443,3,E,Europe/Minsk
812,Mogilev Airport,Mogilev,Belarus,MVQ,UMOO,53.9548988342285,30.095100402832,637,3,E,Europe/Minsk
813,Borovaya Airfield,Minsk,Belarus,,UMMB,53.9604611,27.6505961,0,3,E,Europe/Minsk
814,Brest Airport,Brest,Belarus,BQT,UMBB,52.108299,23.8981,468,3,E,Europe/Minsk
815,Pulkovo Airport,St. Petersburg,Russia,LED,ULLI,59.8003005981445,30.2625007629395,78,3,N,Europe/Moscow
816,Murmansk Airport,Murmansk,Russia,MMK,ULMM,68.7817001342773,32.7508010864258,266,3,N,Europe/Moscow
817,Krasnodar Pashkovsky International Airport,Krasnodar,Russia,KRR,URKK,45.034698486328,39.170501708984,118,3,N,Europe/Moscow
818,Uytash Airport,Makhachkala,Russia,MCX,URML,42.8167991638184,47.6523017883301,12,3,N,Europe/Moscow
819,Mineralnyye Vody Airport,Mineralnye Vody,Russia,MRV,URMM,44.2251014709473,43.081901550293,1054,3,N,Europe/Moscow
820,Stavropol Shpakovskoye Airport,Stavropol,Russia,STW,URMT,45.1091995239258,42.1128005981445,1486,3,N,Europe/Moscow
821,Platov International Airport,Rostov,Russia,ROV,URRP,47.493888,39.924722,213,3,N,Europe/Moscow
822,Sochi International Airport,Sochi,Russia,AER,URSS,43.449902,39.9566,89,3,N,Europe/Moscow
823,Volgograd International Airport,Volgograd,Russia,VOG,URWW,48.7825012207031,44.3455009460449,482,3,N,Europe/Moscow
824,Bryansk Airport,Bryansk,Russia,BZK,UUBP,53.214199,34.176399,663,3,N,Europe/Moscow
825,Sheremetyevo International Airport,Moscow,Russia,SVO,UUEE,55.972599,37.4146,622,3,N,Europe/Moscow
826,Migalovo Air Base,Tver,Russia,KLD,UUEM,56.8246994018555,35.7577018737793,469,3,N,Europe/Moscow
827,Voronezh International Airport,Voronezh,Russia,VOZ,UUOO,51.8142013549805,39.2295989990234,514,3,N,Europe/Moscow
828,Vnukovo International Airport,Moscow,Russia,VKO,UUWW,55.5914993286,37.2615013123,685,3,N,Europe/Moscow
829,Syktyvkar Airport,Syktyvkar,Russia,SCW,UUYY,61.6469993591309,50.845100402832,342,3,N,Europe/Moscow
830,Kazan International Airport,Kazan,Russia,KZN,UWKD,55.606201171875,49.278701782227,411,3,N,Europe/Moscow
831,Domodedovo International Airport,Moscow,Russia,DME,UUDD,55.4087982177734,37.9062995910645,588,3,N,Europe/Moscow
832,Nizhny Novgorod Strigino International Airport,Nizhniy Novgorod,Russia,GOJ,UWGG,56.230098724365,43.784000396729,256,3,N,Europe/Moscow
833,Anapa Vityazevo Airport,Anapa,Russia,AAQ,URKA,45.002101898193,37.347301483154,174,3,N,Europe/Moscow
834,Bykovo Airport,Moscow,Russia,BKA,UUBB,55.6171989441,38.0600013733,427,3,N,Europe/Moscow
835,Talagi Airport,Arkhangelsk,Russia,ARH,ULAA,64.6003036499023,40.7167015075684,62,3,N,Europe/Moscow
836,Saratov Central Airport,Saratov,Russia,RTW,UWSS,51.564998626709,46.0466995239258,499,3,N,Europe/Moscow
837,Ukhta Airport,Ukhta,Russia,UCT,UUYH,63.5668983459473,53.8046989440918,482,3,N,Europe/Moscow
838,Usinsk Airport,Usinsk,Russia,USK,UUYS,66.0046997070313,57.3671989440918,262,3,N,Europe/Moscow
839,Pechora Airport,Pechora,Russia,PEX,UUYP,65.1211013793945,57.1307983398438,98,3,N,Europe/Moscow
840,Naryan Mar Airport,Naryan-Mar,Russia,NNM,ULAM,67.6399993896484,53.1218986511231,36,3,N,Europe/Moscow
841,Pskov Airport,Pskov,Russia,PKV,ULOO,57.7839012145996,28.3955993652344,154,3,N,Europe/Moscow
842,Ivanovo South Airport,Ivanovo,Russia,IWA,UUBI,56.9393997192383,40.9407997131348,410,3,N,Europe/Moscow
843,Solovki Airport,Solovetsky Islands,Russia,CSH,ULAS,65.0299987793,35.7333335876,60,3,N,Europe/Moscow
844,Cherepovets Airport,Cherepovets,Russia,CEE,ULBC,59.273601532,38.0158004761,377,3,N,Europe/Moscow
845,Amderma Airport,Amderma,Russia,AMV,ULDD,69.763298034668,61.5564002990723,13,3,N,Europe/Moscow
846,Kotlas Airport,Kotlas,Russia,KSZ,ULKK,61.2358016967773,46.6974983215332,184,3,N,Europe/Moscow
847,Petrozavodsk Airport,Petrozavodsk,Russia,PES,ULPB,61.8852005004883,34.1547012329102,151,3,N,Europe/Moscow
848,Khankala Air Base,Grozny,Russia,,URMG,43.2980995178223,45.7840995788574,548,3,N,Europe/Moscow
849,Nalchik Airport,Nalchik,Russia,NAL,URMN,43.5129013061523,43.6366004943848,1461,3,N,Europe/Moscow
850,Beslan Airport,Beslan,Russia,OGZ,URMO,43.2051010132,44.6066017151,1673,3,N,Europe/Moscow
851,Elista Airport,Elista,Russia,ESL,URWI,46.3739013671875,44.3308982849121,501,3,N,Europe/Moscow
852,Pobedilovo Airport,Kirov,Russia,KVX,USKK,58.503299713135,49.348300933838,479,3,N,Europe/Moscow
853,Staroselye Airport,Rybinsk,Russia,RYB,UUBK,58.1041984558106,38.9294013977051,423,3,N,Europe/Moscow
854,Belgorod International Airport,Belgorod,Russia,EGO,UUOB,50.643798828125,36.5900993347168,735,3,N,Europe/Moscow
855,Kursk East Airport,Kursk,Russia,URS,UUOK,51.7505989074707,36.2956008911133,686,3,N,Europe/Moscow
856,Lipetsk Airport,Lipetsk,Russia,LPK,UUOL,52.7028007507324,39.5377998352051,584,3,N,Europe/Moscow
857,Vorkuta Airport,Vorkuta,Russia,VKT,UUYW,67.4886016845703,63.9930992126465,604,3,N,Europe/Moscow
858,Bugulma Airport,Bugulma,Russia,UUA,UWKB,54.6399993896484,52.801700592041,991,3,N,Europe/Moscow
859,Yoshkar-Ola Airport,Yoshkar-Ola,Russia,JOK,UWKJ,56.7005996704102,47.9047012329102,348,3,N,Europe/Moscow
860,Cheboksary Airport,Cheboksary,Russia,CSY,UWKS,56.0903015136719,47.3473014831543,558,3,N,Europe/Moscow
861,Penza Airport,Penza,Russia,PEZ,UWPP,53.1105995178223,45.0210990905762,614,3,N,Europe/Moscow
862,Saransk Airport,Saransk,Russia,SKX,UWPS,54.125129699707,45.2122573852539,676,3,N,Europe/Moscow
863,Balakovo Airport,Balakovo,Russia,BWO,UWSB,51.8582992554,47.7456016541,95,3,N,Europe/Moscow
864,Kostroma Sokerkino Airport,Kostroma,Russia,KMW,UUBA,57.7969017029,41.0194015503,446,3,N,Europe/Moscow
865,Donskoye Airport,Tambow,Russia,TBW,UUOT,52.806098937988,41.482799530029,413,3,N,Europe/Moscow
866,Kirovsk-Apatity Airport,Apatity,Russia,KVK,ULMK,67.4633026123047,33.5882987976074,515,3,N,Europe/Moscow
867,Taganrog Yuzhny Airport,Taganrog,Russia,TGK,URRT,47.1983333,38.8491667,117,3,N,Europe/Moscow
868,Gelendzhik Airport,Gelendzhik,Russia,GDZ,URKG,44.5820926295,38.0124807358,98,3,N,Europe/Moscow
869,Zhukovsky International Airport,Ramenskoe,Russia,ZIA,UUBW,55.553299,38.150002,377,3,N,Europe/Moscow
870,Tunoshna Airport,Yaroslavl,Russia,IAR,UUDL,57.5606994628906,40.157398223877,287,3,N,Europe/Moscow
871,Begishevo Airport,Nizhnekamsk,Russia,NBC,UWKE,55.5647010803223,52.0924987792969,643,3,N,Europe/Moscow
872,Vologda Airport,Vologda,Russia,VGD,ULWW,59.2825012207031,39.9444007873535,387,3,N,Europe/Moscow
873,Leshukonskoye Airport,Arkhangelsk,Russia,LDG,ULAL,64.8960037231,45.7229995728,220,3,N,Europe/Moscow
874,Dyagilevo Air Base,Kostroma,Russia,,UUBD,54.6446990966797,39.5704002380371,440,3,N,Europe/Moscow
875,Mezen Airport,Mezen,Russia,,ULAE,65.8783340454102,44.2150001525879,46,3,N,Europe/Moscow
876,Vaskovo Airport,Arkhangelsk,Russia,,ULAH,64.4417037964,40.4216995239,82,3,N,Europe/Moscow
877,Stary Oskol Airport,Stary Oskol,Russia,,UUOS,51.329216003418,37.7688484191895,791,3,N,Europe/Moscow
878,Chkalovskiy Air Base,Shchyolkovo,Russia,CKL,UUMU,55.8783,38.061699,499,3,N,Europe/Moscow
879,Bolshoye Gryzlovo Airfield,Stupino,Russia,,UUDG,54.785,37.645,797,3,N,Europe/Moscow
880,Kasimovo Airfield,Saint-Petersburg,Russia,,XLLN,60.198299,30.334999,230,3,N,Europe/Moscow
881,Grabtsevo Airport,Kaluga,Russia,KLF,UUBC,54.5499992371,36.3666687012,656,3,N,Europe/Moscow
882,Ostafyevo International Airport,Moscow,Russia,OSF,UUMO,55.511667,37.507222,568,3,N,Europe/Moscow
883,Ust-Tsylma Airport,Ust-Tsylma,Russia,UTS,UUYX,65.4372940063,52.2003364563,262,3,N,Europe/Moscow
884,Velikiy Ustyug Airport,Veliky Ustyug,Russia,VUS,ULWU,60.7882995605469,46.2599983215332,331,3,N,Europe/Moscow
885,Sortavala Airport,Sortavala,Russia,,ULPW,61.7360992431641,30.6735992431641,0,3,N,Europe/Moscow
886,Velikiye Luki Airport,Velikiye Luki,Russia,VLU,ULOL,56.3810997009277,30.6081008911133,328,3,N,Europe/Moscow
887,Semyazino Airport,Vladimir,Russia,,UUBL,56.1267013549805,40.314998626709,554,3,N,Europe/Moscow
888,Yeysk Airport,Eysk,Russia,EIK,URKE,46.68,38.21,60,3,N,Europe/Moscow
889,Magas Airport,Magas,Russia,IGT,URMS,43.3222999573,45.0125999451,1165,3,N,Europe/Moscow
890,Ålesund Airport,Alesund,Norway,AES,ENAL,62.5625,6.11969995498657,69,1,E,Europe/Oslo
891,Andøya Airport,Andoya,Norway,ANX,ENAN,69.292503356934,16.144199371338,43,1,E,Europe/Oslo
892,Alta Airport,Alta,Norway,ALF,ENAT,69.976097106934,23.371700286865,9,1,E,Europe/Oslo
893,Bømoen Airport,Voss,Norway,,ENBM,60.6389007568359,6.50150012969971,300,1,E,Europe/Oslo
894,Brønnøysund Airport,Bronnoysund,Norway,BNN,ENBN,65.461097717285,12.217499732971,25,1,E,Europe/Oslo
895,Bodø Airport,Bodo,Norway,BOO,ENBO,67.2692031860352,14.3653001785278,42,1,E,Europe/Oslo
896,Bergen Airport Flesland,Bergen,Norway,BGO,ENBR,60.29339981,5.218140125,170,1,E,Europe/Oslo
897,Båtsfjord Airport,Batsfjord,Norway,BJF,ENBS,70.60050201416,29.691400527954,490,1,E,Europe/Oslo
898,Kristiansand Airport,Kristiansand,Norway,KRS,ENCN,58.204201,8.08537,57,1,E,Europe/Oslo
899,Geilo Airport Dagali,Geilo,Norway,DLD,ENDI,60.4173011779785,8.51834964752197,2618,1,E,Europe/Oslo
900,Bardufoss Airport,Bardufoss,Norway,BDU,ENDU,69.055801391602,18.540399551392,252,1,E,Europe/Oslo
901,"Harstad/Narvik Airport, Evenes",Harstad/Narvik,Norway,EVE,ENEV,68.491302490234,16.678100585938,84,1,E,Europe/Oslo
902,Leirin Airport,Fagernes,Norway,VDB,ENFG,61.015598297119,9.2880601882935,2697,1,E,Europe/Oslo
903,Florø Airport,Floro,Norway,FRO,ENFL,61.583599090576,5.0247201919556,37,1,E,Europe/Oslo
904,Oslo Lufthavn,Oslo,Norway,OSL,ENGM,60.121,11.0502,681,1,E,Europe/Oslo
905,Haugesund Airport,Haugesund,Norway,HAU,ENHD,59.34529876709,5.2083601951599,86,1,E,Europe/Oslo
906,Hasvik Airport,Hasvik,Norway,HAA,ENHK,70.486701965332,22.139699935913,21,1,E,Europe/Oslo
907,Kristiansund Airport (Kvernberget),Kristiansund,Norway,KSU,ENKB,63.111801147461,7.824520111084,204,1,E,Europe/Oslo
908,Kjeller Airport,Kjeller,Norway,,ENKJ,59.9692993164,11.0361003876,354,1,E,Europe/Oslo
909,Kirkenes Airport (Høybuktmoen),Kirkenes,Norway,KKN,ENKR,69.725799560547,29.891300201416,283,1,E,Europe/Oslo
910,Lista Airport,Farsund,Norway,FAN,ENLI,58.0994987487793,6.62604999542236,29,1,E,Europe/Oslo
911,Molde Airport,Molde,Norway,MOL,ENML,62.744701385498,7.2624998092651,10,1,E,Europe/Oslo
912,Mosjøen Airport (Kjærstad),Mosjoen,Norway,MJF,ENMS,65.783996582031,13.214900016785,237,1,E,Europe/Oslo
913,Banak Airport,Lakselv,Norway,LKL,ENNA,70.068801879883,24.973499298096,25,1,E,Europe/Oslo
914,Notodden Airport,Notodden,Norway,NTB,ENNO,59.565701,9.21222,63,1,E,Europe/Oslo
915,Ørland Airport,Orland,Norway,OLA,ENOL,63.6988983154297,9.60400009155273,28,1,E,Europe/Oslo
916,Røros Airport,Roros,Norway,RRS,ENRO,62.578399658203,11.342300415039,2054,1,E,Europe/Oslo
917,"Moss Airport, Rygge",Rygge,Norway,RYG,ENRY,59.378817,10.785439,174,1,E,Europe/Oslo
918,Skien Airport,Skien,Norway,SKE,ENSN,59.185001373291,9.56694030761719,463,1,E,Europe/Oslo
919,Stord Airport,Stord,Norway,SRP,ENSO,59.7919006347656,5.34084987640381,160,1,E,Europe/Oslo
920,Sandnessjøen Airport (Stokka),Sandnessjoen,Norway,SSJ,ENST,65.956802368164,12.468899726868,56,1,E,Europe/Oslo
921,"Tromsø Airport,",Tromso,Norway,TOS,ENTC,69.6832962036133,18.9188995361328,31,1,E,Europe/Oslo
922,"Sandefjord Airport, Torp",Sandefjord,Norway,TRF,ENTO,59.1866989136,10.258600235,286,1,E,Europe/Oslo
923,Trondheim Airport Værnes,Trondheim,Norway,TRD,ENVA,63.4578018,10.9239998,56,1,E,Europe/Oslo
924,Stavanger Airport Sola,Stavanger,Norway,SVG,ENZV,58.876701354,5.6377801895,29,1,E,Europe/Oslo
925,Stokmarknes Skagen Airport,Stokmarknes,Norway,SKN,ENSK,68.578826904297,15.033416748047,11,1,E,Europe/Oslo
926,Hammerfest Airport,Hammerfest,Norway,HFT,ENHF,70.679702758789,23.668600082397,266,1,E,Europe/Oslo
927,Valan Airport,Honningsvag,Norway,HVG,ENHV,71.009696960449,25.983600616455,44,1,E,Europe/Oslo
928,Mehamn Airport,Mehamn,Norway,MEH,ENMH,71.02970123291,27.826700210571,39,1,E,Europe/Oslo
929,Vadsø Airport,Vadsø,Norway,VDS,ENVD,70.065299987793,29.844699859619,127,1,E,Europe/Oslo
930,"Ørsta-Volda Airport, Hovden",Orsta-Volda,Norway,HOV,ENOV,62.180000305176,6.0741000175476,243,1,E,Europe/Oslo
931,Narvik Framnes Airport,Narvik,Norway,NVK,ENNK,68.436897277832,17.386699676514,95,1,E,Europe/Oslo
932,Berlevåg Airport,Berlevag,Norway,BVG,ENBV,70.871399,29.034201,42,1,E,Europe/Oslo
933,"Oslo, Fornebu Airport",Oslo,Norway,FBU,ENFB,59.8958015441895,10.6171998977661,0,1,E,Europe/Oslo
934,Leknes Airport,Leknes,Norway,LKN,ENLK,68.152496337891,13.609399795532,78,1,E,Europe/Oslo
935,Namsos Høknesøra Airport,Namsos,Norway,OSY,ENNM,64.472198486328,11.57859992981,7,1,E,Europe/Oslo
936,"Mo i Rana Airport, Røssvoll",Mo i Rana,Norway,MQN,ENRA,66.363899230957,14.301400184631,229,1,E,Europe/Oslo
937,"Rørvik Airport, Ryum",Rørvik,Norway,RVK,ENRM,64.838302612305,11.14610004425,14,1,E,Europe/Oslo
938,Røst Airport,Røst,Norway,RET,ENRS,67.527801513672,12.103300094604,7,1,E,Europe/Oslo
939,Sandane Airport (Anda),Sandane,Norway,SDN,ENSD,61.830001831055,6.1058301925659,196,1,E,Europe/Oslo
940,Sogndal Airport,Sogndal,Norway,SOG,ENSG,61.156101,7.13778,1633,1,E,Europe/Oslo
941,Svolvær Helle Airport,Svolvær,Norway,SVJ,ENSH,68.243301391602,14.669199943542,27,1,E,Europe/Oslo
942,Sørkjosen Airport,Sorkjosen,Norway,SOJ,ENSR,69.786796569824,20.959400177002,16,1,E,Europe/Oslo
943,"Vardø Airport, Svartnes",Vardø,Norway,VAW,ENSS,70.355400085449,31.044900894165,42,1,E,Europe/Oslo
944,Værøy Heliport,Værøy,Norway,VRY,ENVR,67.654555,12.727257,12,1,E,Europe/Oslo
945,Stafsberg Airport,Hamar,Norway,HMR,ENHA,60.8180999755859,11.0679998397827,713,1,E,Europe/Oslo
946,Ringebu Airfield Frya,Frya,Norway,,ENRI,61.545440673,10.061588287,571,1,E,Europe/Oslo
947,Rakkestad Astorp Airport,Rakkestad,Norway,,ENRK,59.397499,11.3469,400,1,E,Europe/Oslo
948,Calais-Dunkerque Airport,Calais,France,CQF,LFAC,50.962100982666,1.95475995540619,12,1,E,Europe/Paris
949,Péronne-Saint-Quentin Airport,Peronne,France,,LFAG,49.8685,3.02958,295,1,E,Europe/Paris
950,Nangis-Les Loges Airport,Nangis,France,,LFAI,48.5961990356445,3.00678992271423,428,1,E,Europe/Paris
951,Bagnoles-de-l'Orne-Couterne Airport,Bagnole-de-l'orne,France,,LFAO,48.5457992553711,-0.387443989515305,718,1,E,Europe/Paris
952,Albert-Bray Airport,Albert,France,BYF,LFAQ,49.9715003967,2.69765996933,364,1,E,Europe/Paris
953,Le Touquet-Côte d'Opale Airport,Le Tourquet,France,LTQ,LFAT,50.5173988342285,1.62058997154236,36,1,E,Europe/Paris
954,Valenciennes-Denain Airport,Valenciennes,France,XVS,LFAV,50.3258018493652,3.46126008033752,177,1,E,Europe/Paris
955,Amiens-Glisy Airport,Amiens,France,,LFAY,49.873004,2.387074,208,1,E,Europe/Paris
956,Agen-La Garenne Airport,Agen,France,AGF,LFBA,44.1747016906738,0.590556025505066,204,1,E,Europe/Paris
957,Cazaux (BA 120) Air Base,Cazaux,France,,LFBC,44.5332984924316,-1.125,84,1,E,Europe/Paris
958,Bordeaux-Mérignac Airport,Bordeaux,France,BOD,LFBD,44.8283004761,-0.715556025505,162,1,E,Europe/Paris
959,Bergerac-Roumanière Airport,Bergerac,France,EGC,LFBE,44.8252983093262,0.518611013889313,171,1,E,Europe/Paris
960,Toulouse-Francazal (BA 101) Air Base,Toulouse,France,,LFBF,43.5456008911133,1.36749994754791,535,1,E,Europe/Paris
961,Cognac-Châteaubernard (BA 709) Air Base,Cognac,France,CNG,LFBG,45.6582984924316,-0.317499995231628,102,1,E,Europe/Paris
962,Poitiers-Biard Airport,Poitiers,France,PIS,LFBI,46.5876998901367,0.306665986776352,423,1,E,Europe/Paris
963,Montluçon-Guéret Airport,Montlucon-gueret,France,MCU,LFBK,46.222599029541,2.3639600276947,1497,1,E,Europe/Paris
964,Limoges Airport,Limoges,France,LIG,LFBL,45.8628005981445,1.17944002151489,1300,1,E,Europe/Paris
965,Mont-de-Marsan (BA 118) Air Base,Mont-de-marsan,France,,LFBM,43.911701,-0.5075,203,1,E,Europe/Paris
966,Niort-Souché Airport,Niort,France,NIT,LFBN,46.313477,-0.394529,203,1,E,Europe/Paris
967,Toulouse-Blagnac Airport,Toulouse,France,TLS,LFBO,43.629101,1.36382,499,1,E,Europe/Paris
968,Pau Pyrénées Airport,Pau,France,PUF,LFBP,43.3800010681152,-0.418610990047455,616,1,E,Europe/Paris
969,Muret-Lherm Airport,La Rochelle,France,,LFBR,43.4488983154297,1.26332998275757,622,1,E,Europe/Paris
970,Tarbes-Lourdes-Pyrénées Airport,Tarbes,France,LDE,LFBT,43.1786994934082,-0.006438999902457,1260,1,E,Europe/Paris
971,Angoulême-Brie-Champniers Airport,Angouleme,France,ANG,LFBU,45.7291984558106,0.221456006169319,436,1,E,Europe/Paris
972,Brive Souillac Airport,Brive,France,BVE,LFSL,45.039722,1.485556,1016,1,E,Europe/Paris
973,Périgueux-Bassillac Airport,Perigueux,France,PGX,LFBX,45.1981010437012,0.815555989742279,328,1,E,Europe/Paris
974,Biarritz-Anglet-Bayonne Airport,Biarritz-bayonne,France,BIQ,LFBZ,43.4683333,-1.5311111,245,1,E,Europe/Paris
975,Cahors-Lalbenque Airport,Cahors,France,ZAO,LFCC,44.3513984680176,1.47528004646301,912,1,E,Europe/Paris
976,Saint-Girons-Antichan Airport,St.-girons,France,,LFCG,43.0078010559082,1.10315001010895,1368,1,E,Europe/Paris
977,Arcachon-La Teste-de-Buch Airport,Arcachon,France,,LFCH,44.596401,-1.11083,49,1,E,Europe/Paris
978,Albi-Le Séquestre Airport,Albi,France,LBI,LFCI,43.9138984680176,2.11305999755859,564,1,E,Europe/Paris
979,Castres-Mazamet Airport,Castres,France,DCM,LFCK,43.5563011169434,2.2891800403595,788,1,E,Europe/Paris
980,Toulouse-Lasbordes Airport,Toulouse,France,,LFCL,43.5861015319824,1.49916994571686,459,1,E,Europe/Paris
981,Millau-Larzac Airfield,Millau,France,,LFCM,43.9893,3.183,2606,1,E,Europe/Paris
982,Graulhet-Montdragon Airport,Graulhet,France,,LFCQ,43.7710990905762,2.01082992553711,581,1,E,Europe/Paris
983,Rodez-Marcillac Airport,Rodez,France,RDZ,LFCR,44.407901763916,2.48267006874084,1910,1,E,Europe/Paris
984,Ussel-Thalamy Airport,Ussel,France,,LFCU,45.5346984863281,2.42389011383057,2428,1,E,Europe/Paris
985,Villeneuve-sur-Lot Airport,Villeneuve-sur-lot,France,,LFCW,44.396900177002,0.758889019489288,190,1,E,Europe/Paris
986,Royan-Médis Airport,Royan,France,RYN,LFCY,45.628101348877,-0.972500026226044,72,1,E,Europe/Paris
987,Mimizan Airport,Mimizan,France,,LFCZ,44.145928,-1.16432,164,1,E,Europe/Paris
988,Aire-sur-l'Adour Airport,Aire-sur-l'adour,France,,LFDA,43.709400177002,-0.245278000831604,259,1,E,Europe/Paris
989,Montauban Airport,Montauban,France,XMW,LFDB,44.0256996154785,1.37803995609283,351,1,E,Europe/Paris
990,Auch-Lamothe Airport,Auch,France,,LFDH,43.687801,0.601667,411,1,E,Europe/Paris
991,Libourne-Artigues-de-Lussac Airport,Libourne,France,,LFDI,44.982498,-0.134722,157,1,E,Europe/Paris
992,Pamiers-Les Pujols Airport,Pamiers,France,,LFDJ,43.0905990600586,1.69582998752594,1115,1,E,Europe/Paris
993,Marmande-Virazeil Airport,Marmande,France,,LFDM,44.4989013671875,0.200514003634453,105,1,E,Europe/Paris
994,Rochefort-Saint-Agnant (BA 721) Airport,Rochefort,France,RCO,LFDN,45.8877983093262,-0.983056008815765,60,1,E,Europe/Paris
995,Pontivy Airport,Pontivy,France,,LFED,48.0584983825684,-2.92182993888855,407,1,E,Europe/Paris
996,Aubigny-sur-Nère Airport,Aubigny-sur-nere,France,,LFEH,47.480556,2.394167,630,1,E,Europe/Paris
997,Guiscriff Scaer Airport,Guiscriff-scaer,France,,LFES,48.0525016784668,-3.66472005844116,574,1,E,Europe/Paris
998,Ancenis Airport,Ancenis,France,,LFFI,47.4081001281738,-1.17750000953674,111,1,E,Europe/Paris
999,Brienne-le-Château Airport,Brienne-le Chateau,France,,LFFN,48.4297981262207,4.48222017288208,381,1,E,Europe/Paris
1000,Colmar-Houssen Airport,Colmar,France,CMR,LFGA,48.1099014282227,7.35901021957398,628,1,E,Europe/Paris
1001,Beaune-Challanges Airport,Beaune,France,,LFGF,47.005901,4.89342,656,1,E,Europe/Paris
1002,Dole-Tavaux Airport,Dole,France,DLE,LFGJ,47.042686,5.435063,645,1,E,Europe/Paris
1003,Joigny Airport,Joigny,France,,LFGK,47.9921989440918,3.39222002029419,732,1,E,Europe/Paris
1004,Verdun-Le Rozelier Airfield,Verdun,France,,LFGW,49.122398,5.46905,1230,1,E,Europe/Paris
1005,Aubenas-Ardèche Méridional Airport,Aubenas-vals-lanas,France,OBS,LFHO,44.544203,4.372192,923,1,E,Europe/Paris
1006,Le Puy-Loudes Airport,Le Puy,France,LPY,LFHP,45.0806999206543,3.76289010047913,2731,1,E,Europe/Paris
1007,Saint-Flour-Coltines Airport,St.-flour,France,,LFHQ,45.0764007568359,2.99360990524292,3218,1,E,Europe/Paris
1008,Bourg-Ceyzériat Airport,Bourg,France,,LFHS,46.2009010314941,5.2920298576355,857,1,E,Europe/Paris
1009,Villefranche-Tarare Airport,Vilefrance,France,,LFHV,45.919983,4.634931,1076,1,E,Europe/Paris
1010,Moulins-Montbeugny Airport,Moulins,France,,LFHY,46.5345993041992,3.42371988296509,915,1,E,Europe/Paris
1011,Saint-Affrique-Belmont Airport,St.-afrique-belmont,France,,LFIF,43.823299407959,2.74528002738953,1686,1,E,Europe/Paris
1012,Cassagnes-Bégonhès Airport,Cassagnes-beghones,France,,LFIG,44.1777992248535,2.51500010490418,2024,1,E,Europe/Paris
1013,Metz-Nancy-Lorraine Airport,Metz,France,ETZ,LFJL,48.9821014404,6.25131988525,870,1,E,Europe/Paris
1014,Bastia-Poretta Airport,Bastia,France,BIA,LFKB,42.5527000427246,9.48373031616211,26,1,E,Europe/Paris
1015,Calvi-Sainte-Catherine Airport,Calvi,France,CLY,LFKC,42.5244444,8.7930556,209,1,E,Europe/Paris
1016,Figari Sud-Corse Airport,Figari,France,FSC,LFKF,41.5005989074707,9.09778022766113,87,1,E,Europe/Paris
1017,Ajaccio-Napoléon Bonaparte Airport,Ajaccio,France,AJA,LFKJ,41.9235992431641,8.8029203414917,18,1,E,Europe/Paris
1018,Propriano Airport,Propriano,France,PRP,LFKO,41.6605987548828,8.88974952697754,13,1,E,Europe/Paris
1019,Solenzara (BA 126) Air Base,Solenzara,France,SOZ,LFKS,41.9244003295898,9.4060001373291,28,1,E,Europe/Paris
1020,Corte Airport,Corte,France,,LFKT,42.2935981750488,9.19305992126465,1132,1,E,Europe/Paris
1021,Auxerre-Branches Airport,Auxerre,France,AUF,LFLA,47.8502006530762,3.49710988998413,523,1,E,Europe/Paris
1022,Chambéry-Savoie Airport,Chambery,France,CMF,LFLB,45.6380996704102,5.88022994995117,779,1,E,Europe/Paris
1023,Clermont-Ferrand Auvergne Airport,Clermont-Ferrand,France,CFE,LFLC,45.7867012024,3.1691699028,1090,1,E,Europe/Paris
1024,Bourges Airport,Bourges,France,BOU,LFLD,47.0581016540527,2.37028002738953,529,1,E,Europe/Paris
1025,Chambéry-Challes-les-Eaux Airport,Chambery,France,,LFLE,45.5611000061,5.97575998306,973,1,E,Europe/Paris
1026,Chalon-Champforgeuil Airport,Chalon,France,,LFLH,46.826099395752,4.81762981414795,623,1,E,Europe/Paris
1027,Annemasse Airport,Annemasse,France,QNJ,LFLI,46.1920013428,6.26839017868,1620,1,E,Europe/Paris
1028,Lyon Saint-Exupéry Airport,Lyon,France,LYS,LFLL,45.725556,5.081111,821,1,E,Europe/Paris
1029,Mâcon-Charnay Airport,Macon,France,,LFLM,46.295101,4.79577,728,1,E,Europe/Paris
1030,Saint-Yan Airport,St.-yan,France,SYT,LFLN,46.4124984741211,4.01325988769531,796,1,E,Europe/Paris
1031,Roanne-Renaison Airport,Roanne,France,RNE,LFLO,46.0583000183106,4.00138998031616,1106,1,E,Europe/Paris
1032,Annecy-Haute-Savoie-Mont Blanc Airport,Annecy,France,NCY,LFLP,45.9308333,6.1063889,1521,1,E,Europe/Paris
1033,Grenoble-Isère Airport,Grenoble,France,GNB,LFLS,45.3628997802734,5.32937002182007,1302,1,E,Europe/Paris
1034,Montluçon-Domérat Airport,Montlucon,France,,LFLT,46.352501,2.57049,771,1,E,Europe/Paris
1035,Valence-Chabeuil Airport,Valence,France,VAF,LFLU,44.9216,4.9699,525,1,E,Europe/Paris
1036,Vichy-Charmeil Airport,Vichy,France,VHY,LFLV,46.1697006225586,3.40373992919922,817,1,E,Europe/Paris
1037,Aurillac Airport,Aurillac,France,AUR,LFLW,44.8913993835449,2.42194008827209,2096,1,E,Europe/Paris
1038,"Châteauroux-Déols ""Marcel Dassault"" Airport",Chateauroux,France,CHR,LFLX,46.860278,1.721111,529,1,E,Europe/Paris
1039,Lyon-Bron Airport,Lyon,France,LYN,LFLY,45.7271995544434,4.94427013397217,659,1,E,Europe/Paris
1040,Aix-en-Provence (BA 114) Airport,Aix-les-milles,France,,LFMA,43.5056,5.36778,367,1,E,Europe/Paris
1041,Le Luc-Le Cannet Airport,Le Luc,France,,LFMC,43.3847007751465,6.38713979721069,265,1,E,Europe/Paris
1042,Cannes-Mandelieu Airport,Cannes,France,CEQ,LFMD,43.542,6.95348,13,1,E,Europe/Paris
1043,Saint-Étienne-Bouthéon Airport,St-Etienne,France,EBU,LFMH,45.5405998229981,4.29639005661011,1325,1,E,Europe/Paris
1044,Istres Le Tubé/Istres Air Base (BA 125) Airport,Istres,France,,LFMI,43.522701,4.92384,82,1,E,Europe/Paris
1045,Carcassonne Airport,Carcassonne,France,CCF,LFMK,43.2159996032715,2.30631995201111,433,1,E,Europe/Paris
1046,Marseille Provence Airport,Marseille,France,MRS,LFML,43.439271922,5.22142410278,74,1,E,Europe/Paris
1047,Nice-Côte d'Azur Airport,Nice,France,NCE,LFMN,43.6584014893,7.21586990356,12,1,E,Europe/Paris
1048,Orange-Caritat (BA 115) Air Base,Orange,France,XOG,LFMO,44.1404991149902,4.86672019958496,197,1,E,Europe/Paris
1049,Perpignan-Rivesaltes (Llabanère) Airport,Perpignan,France,PGF,LFMP,42.7403984069824,2.87067008018494,144,1,E,Europe/Paris
1050,Le Castellet Airport,Le Castellet,France,CTT,LFMQ,43.252498626709,5.78519010543823,1391,1,E,Europe/Paris
1051,Alès-Deaux Airport,Ales,France,,LFMS,44.069698,4.14212,668,1,E,Europe/Paris
1052,Montpellier-Méditerranée Airport,Montpellier,France,MPL,LFMT,43.5761985778809,3.96301007270813,17,1,E,Europe/Paris
1053,Béziers-Vias Airport,Beziers,France,BZR,LFMU,43.3235015869141,3.35389995574951,56,1,E,Europe/Paris
1054,Avignon-Caumont Airport,Avignon,France,AVN,LFMV,43.9072990417481,4.90183019638062,124,1,E,Europe/Paris
1055,Salon-de-Provence (BA 701) Air Base,Salon,France,,LFMY,43.6063995361328,5.10925006866455,195,1,E,Europe/Paris
1056,Lézignan-Corbières Airfield,Lezignan-corbieres,France,,LFMZ,43.1758,2.73417,207,1,E,Europe/Paris
1057,Mende-Brenoux Airfield,Mende,France,MEN,LFNB,44.502102,3.53282,3362,1,E,Europe/Paris
1058,Carpentras Airport,Carpentras,France,,LFNH,44.0298004150391,5.07806015014648,394,1,E,Europe/Paris
1059,Avord (BA 702) Air Base,Avord,France,,LFOA,47.053299,2.6325,580,1,E,Europe/Paris
1060,Paris Beauvais Tillé Airport,Beauvais,France,BVA,LFOB,49.4543991088867,2.11278009414673,359,1,E,Europe/Paris
1061,Châteaudun (BA 279) Air Base,Chateaudun,France,,LFOC,48.058102,1.37662,433,1,E,Europe/Paris
1062,Saumur-Saint-Florent Airport,Saumur,France,,LFOD,47.256802,-0.115142,269,1,E,Europe/Paris
1063,Évreux-Fauville (BA 105) Air Base,Evreux,France,EVX,LFOE,49.0287017822266,1.21985995769501,464,1,E,Europe/Paris
1064,Le Havre Octeville Airport,Le Havre,France,LEH,LFOH,49.5339012145996,0.0880559980869293,313,1,E,Europe/Paris
1065,Abbeville,Abbeville,France,XAB,LFOI,50.143501,1.831891,220,1,E,Europe/Paris
1066,Orléans-Bricy (BA 123) Air Base,Orleans,France,ORE,LFOJ,47.9878005981,1.76056003571,412,1,E,Europe/Paris
1067,Châlons-Vatry Airport,Chalons,France,XCR,LFOK,48.7733333333,4.206111111,587,1,E,Europe/Paris
1068,Rouen Airport,Rouen,France,URO,LFOP,49.3842010498047,1.17480003833771,512,1,E,Europe/Paris
1069,Tours-Val-de-Loire Airport,Tours,France,TUF,LFOT,47.4322013855,0.727605998516,357,1,E,Europe/Paris
1070,Cholet Le Pontreau Airport,Cholet,France,CET,LFOU,47.0820999145508,-0.877063989639282,443,1,E,Europe/Paris
1071,Laval-Entrammes Airport,Laval,France,LVA,LFOV,48.0313987731934,-0.742986023426056,330,1,E,Europe/Paris
1072,Orléans-Saint-Denis-de-l'Hôtel Airport,Orleans,France,,LFOZ,47.8969,2.16333,396,1,E,Europe/Paris
1073,Paris-Le Bourget Airport,Paris,France,LBG,LFPB,48.9693984985352,2.44139003753662,218,1,E,Europe/Paris
1074,Creil Air Base,Creil,France,CSF,LFPC,49.2535018920898,2.51914000511169,291,1,E,Europe/Paris
1075,Charles de Gaulle International Airport,Paris,France,CDG,LFPG,49.012798,2.55,392,1,E,Europe/Paris
1076,Coulommiers-Voisins Airport,Coulommiers,France,,LFPK,48.8376998901367,3.01611995697022,470,1,E,Europe/Paris
1077,Melun-Villaroche Air Base,Melun,France,,LFPM,48.6046981811523,2.67111992835999,302,1,E,Europe/Paris
1078,Toussus-le-Noble Airport,Toussous-le-noble,France,TNF,LFPN,48.7518997192383,2.10618996620178,538,1,E,Europe/Paris
1079,Paris-Orly Airport,Paris,France,ORY,LFPO,48.7233333,2.3794444,291,1,E,Europe/Paris
1080,Pontoise - Cormeilles-en-Vexin Airport,Pontoise,France,POX,LFPT,49.096667,2.040833,325,1,E,Europe/Paris
1081,Villacoublay-Vélizy (BA 107) Air Base,Villacoublay,France,VIY,LFPV,48.7741667,2.1916667,584,1,E,Europe/Paris
1082,Reims-Prunay Airport,Reims,France,,LFQA,49.2086982727051,4.15657997131348,313,1,E,Europe/Paris
1083,Troyes-Barberey Airport,Troyes,France,,LFQB,48.322102,4.0167,388,1,E,Europe/Paris
1084,Lunéville-Croismare Airport,Luneville,France,,LFQC,48.5932998657227,6.54345989227295,790,1,E,Europe/Paris
1085,Étain-Rouvres Air Base,Etain,France,,LFQE,49.2268981933594,5.67222023010254,770,1,E,Europe/Paris
1086,Autun-Bellevue Airport,Autun,France,,LFQF,46.9673004150391,4.26057004928589,997,1,E,Europe/Paris
1087,Nevers-Fourchambault Airport,Nevers,France,NVS,LFQG,47.0026016235352,3.11332988739014,602,1,E,Europe/Paris
1088,Cambrai-Épinoy (BA 103) Air Base,Cambrai,France,,LFQI,50.221802,3.15424,257,1,E,Europe/Paris
1089,Maubeuge-Élesmes Airport,Maubeuge,France,XME,LFQJ,50.3105010986328,4.03312015533447,452,1,E,Europe/Paris
1090,Besançon-La Vèze Airport,Besancon-la-veze,France,,LFQM,47.2066,6.083681,1271,1,E,Europe/Paris
1091,Phalsbourg-Bourscheid Air Base,Phalsbourg,France,,LFQP,48.7680556,7.205,1017,1,E,Europe/Paris
1092,Lille-Lesquin Airport,Lille,France,LIL,LFQQ,50.563332,3.086886,157,1,E,Europe/Paris
1093,Merville-Calonne Airport,Merville,France,HZB,LFQT,50.6184005737305,2.64224004745483,61,1,E,Europe/Paris
1094,Charleville-Mézières Airport,Charleville,France,XCZ,LFQV,49.7839012145996,4.6470799446106,492,1,E,Europe/Paris
1095,Vesoul-Frotey Airport,Vesoul-frotey,France,,LFQW,47.6376,6.20392,1249,1,E,Europe/Paris
1096,Brest Bretagne Airport,Brest,France,BES,LFRB,48.4478988647461,-4.41854000091553,325,1,E,Europe/Paris
1097,Cherbourg-Maupertus Airport,Cherbourg,France,CER,LFRC,49.6501007080078,-1.47028005123138,459,1,E,Europe/Paris
1098,Dinard-Pleurtuit-Saint-Malo Airport,Dinard,France,DNR,LFRD,48.5876998901367,-2.07996010780334,219,1,E,Europe/Paris
1099,La Baule-Escoublac Airport,La Baule,France,LBY,LFRE,47.2893981933594,-2.34639000892639,105,1,E,Europe/Paris
1100,Granville Airport,Granville,France,GFR,LFRF,48.8830986022949,-1.56417000293732,45,1,E,Europe/Paris
1101,Deauville-Saint-Gatien Airport,Deauville,France,DOL,LFRG,49.3652992249,0.154305994511,479,1,E,Europe/Paris
1102,Lorient South Brittany (Bretagne Sud) Airport,Lorient,France,LRT,LFRH,47.7606010437012,-3.44000005722046,160,1,E,Europe/Paris
1103,La Roche-sur-Yon Airport,La Roche-sur-yon,France,EDM,LFRI,46.7019004821777,-1.37863004207611,299,1,E,Europe/Paris
1104,Landivisiau Air Base,Landivisiau,France,LDV,LFRJ,48.5303001403809,-4.15163993835449,348,1,E,Europe/Paris
1105,Caen-Carpiquet Airport,Caen,France,CFR,LFRK,49.1733016967773,-0.449999988079071,256,1,E,Europe/Paris
1106,Lanvéoc-Poulmic Air Base,Lanvedoc,France,,LFRL,48.2817001342773,-4.44502019882202,287,1,E,Europe/Paris
1107,Le Mans-Arnage Airport,Le Mans,France,LME,LFRM,47.948600769043,0.201666995882988,194,1,E,Europe/Paris
1108,Rennes-Saint-Jacques Airport,Rennes,France,RNS,LFRN,48.0694999695,-1.73478996754,124,1,E,Europe/Paris
1109,Lannion-Côte de Granit Airport,Lannion,France,LAI,LFRO,48.754398,-3.47166,290,1,E,Europe/Paris
1110,Quimper-Cornouaille Airport,Quimper,France,UIP,LFRQ,47.9749984741211,-4.16778993606567,297,1,E,Europe/Paris
1111,Nantes Atlantique Airport,Nantes,France,NTE,LFRS,47.1531982422,-1.61073005199,90,1,E,Europe/Paris
1112,Saint-Brieuc-Armor Airport,St.-brieuc Armor,France,SBK,LFRT,48.5378,-2.85444,453,1,E,Europe/Paris
1113,Morlaix-Ploujean Airport,Morlaix,France,MXN,LFRU,48.6031990051,-3.81577992439,272,1,E,Europe/Paris
1114,Vannes-Meucon Airport,Vannes,France,VNE,LFRV,47.7233009338379,-2.71855998039246,446,1,E,Europe/Paris
1115,Saint-Nazaire-Montoir Airport,St.-nazaire,France,SNR,LFRZ,47.3105556,-2.1566667,13,1,E,Europe/Paris
1116,EuroAirport Basel-Mulhouse-Freiburg Airport,Mulhouse,France,BSL,LFSB,47.59,7.5291667,885,1,E,Europe/Paris
1117,Colmar-Meyenheim Air Base,Colmar,France,,LFSC,47.922000885,7.39967012405,693,1,E,Europe/Paris
1118,Dijon-Bourgogne Airport,Dijon,France,DIJ,LFSD,47.268902,5.09,726,1,E,Europe/Paris
1119,Metz-Frescaty (BA 128) Air Base,Metz,France,MZM,LFSF,49.0717010498047,6.13166999816895,629,1,E,Europe/Paris
1120,Épinal-Mirecourt Airport,Epinal,France,EPL,LFSG,48.325001,6.06998,1084,1,E,Europe/Paris
1121,Haguenau Airport,Haguenau,France,,LFSH,48.7943000793,7.81760978699,491,1,E,Europe/Paris
1122,Saint-Dizier-Robinson (BA 113) Air Base,St.-dizier,France,,LFSI,48.6360015869141,4.8994197845459,458,1,E,Europe/Paris
1123,Montbéliard-Courcelles Airfield,Montbeliard,France,,LFSM,47.487,6.79054,1041,1,E,Europe/Paris
1124,Nancy-Essey Airport,Nancy,France,ENC,LFSN,48.6921005249023,6.23046016693115,751,1,E,Europe/Paris
1125,Nancy-Ochey (BA 133) Air Base,Nancy,France,,LFSO,48.5830993652344,5.95499992370606,1106,1,E,Europe/Paris
1126,Pontarlier Airport,Pontarlier,France,,LFSP,46.9039993286133,6.32737016677856,2683,1,E,Europe/Paris
1127,Reims-Champagne (BA 112) Air Base,Reims,France,RHE,LFSR,49.310001,4.05,312,1,E,Europe/Paris
1128,Strasbourg Airport,Strasbourg,France,SXB,LFST,48.5382995605469,7.62823009490967,505,1,E,Europe/Paris
1129,Luxeuil-Saint-Sauveur (BA 116) Air Base,Luxeuil,France,,LFSX,47.7830556,6.36416667,913,1,E,Europe/Paris
1130,Cuers-Pierrefeu Airport,Cuers,France,,LFTF,43.2477989196777,6.12669992446899,266,1,E,Europe/Paris
1131,Toulon-Hyères Airport,Hyeres,France,TLN,LFTH,43.0973014832,6.14602994919,7,1,E,Europe/Paris
1132,Nîmes-Arles-Camargue Airport,Nimes,France,FNI,LFTW,43.7574005126953,4.4163498878479,309,1,E,Europe/Paris
1133,Ambérieu Air Base (BA 278),Amberieu,France,,LFXA,45.987301,5.32844,823,1,E,Europe/Paris
1134,Damblain Airport,Damblain,France,,LFYD,48.0862998962402,5.66406011581421,1280,1,E,Europe/Paris
1135,Geneva Cointrin International Airport,Geneva,Switzerland,GVA,LSGG,46.2380981445313,6.10895013809204,1411,1,E,Europe/Paris
1136,Enghien Moisselles Airfield,Enghien-moisselles,France,,LFFE,49.046398,2.35306,335,1,E,Europe/Paris
1137,Île d'Yeu Airport,Île d'Yeu,France,IDY,LFEY,46.7186012268066,-2.39110994338989,79,1,E,Europe/Paris
1138,Angers-Loire Airport,Angers/Marcé,France,ANE,LFJR,47.560299,-0.312222,194,1,E,Europe/Paris
1139,La Môle Airport,La Môle,France,LTT,LFTZ,43.205399,6.482,59,1,E,Europe/Paris
1140,Courchevel Airport,Courcheval,France,CVF,LFLJ,45.3967018127441,6.63471984863281,6588,1,E,Europe/Paris
1141,Andernos Les Bains Airport,Andernos-Les-Bains,France,,LFCD,44.7561,-1.06333,66,1,E,Europe/Paris
1142,La Rochelle-Île de Ré Airport,La Rochelle,France,LRH,LFBH,46.17919921875,-1.19527995586395,74,1,E,Europe/Paris
1143,Ouessant Airport,Ouessant,France,,LFEC,48.4631996154785,-5.06358003616333,142,1,U,Europe/Paris
1144,Fréjus Airport,Frejus,France,FRJ,LFTU,43.4175,6.7357,33,1,E,Europe/Paris
1145,Saint-Cyr-l'École Airport,Saint-Cyr,France,,LFPZ,48.8114013671875,2.07471990585327,371,1,E,Europe/Paris
1146,Strasbourg Neuhof Airfield,Strasbourg Neudorf,France,,LFGC,48.554401,7.77806,456,1,E,Europe/Paris
1147,Megève Airport,Verdun,France,MVV,LFHM,45.82080078125,6.65221977233887,4823,1,U,Europe/Paris
1148,Méribel Altiport,Ajaccio,France,MFX,LFKX,45.407003,6.577942,5636,1,U,Europe/Paris
1149,Pont Sur Yonne Airfield,Pont Sur Yonne,France,,LFGO,48.289172,3.247912,236,1,E,Europe/Paris
1150,St Florentin Cheu Airfield,St Florentin Cheu,France,,LFGP,47.98019,3.775583,351,1,E,Europe/Paris
1151,Saulieu Liernais Airfield,Saulieu,France,,LFEW,47.239399,4.26583,1722,1,E,Europe/Paris
1152,Meaux Esbly Airport,Meaux,France,,LFPE,48.9277992248535,2.83527994155884,217,1,E,Europe/Paris
1153,Château-Thierry - Belleau Airfield,Chateau-Thierry,France,,LFFH,49.0672,3.35694,728,1,E,Europe/Paris
1154,Fontaine Airport,Belfort,France,BOR,LFSQ,47.655601501465,7.0108299255371,1208,1,E,Europe/Paris
1155,La Ferté Alais Airfield,La Ferte Alais,France,,LFFQ,48.498652,2.338867,453,1,E,Europe/Paris
1156,Podgorica Airport,Podgorica,Montenegro,TGD,LYPG,42.359402,19.2519,141,1,E,Europe/Podgorica
1157,Tivat Airport,Tivat,Montenegro,TIV,LYTV,42.4047012329102,18.7233009338379,20,1,E,Europe/Podgorica
1158,České Budějovice Airport,Ceske Budejovice,Czech Republic,,LKCS,48.9463996887207,14.4274997711182,1417,1,E,Europe/Prague
1159,Čáslav Air Base,Caslav,Czech Republic,,LKCV,49.9397010803223,15.381799697876,794,1,E,Europe/Prague
1160,Hradec Králové Airport,Hradec Kralove,Czech Republic,,LKHK,50.253201,15.8452,791,1,E,Europe/Prague
1161,Hořovice Airport,Horovice,Czech Republic,,LKHV,49.8480987548828,13.893500328064,1214,1,E,Europe/Prague
1162,Kbely Air Base,Praha,Czech Republic,,LKKB,50.1213989257813,14.5436000823975,939,1,E,Europe/Prague
1163,Kunovice Airport,Kunovice,Czech Republic,UHE,LKKU,49.0293998718262,17.4396991729736,581,1,E,Europe/Prague
1164,Karlovy Vary International Airport,Karlovy Vary,Czech Republic,KLV,LKKV,50.2029991149902,12.914999961853,1989,1,E,Europe/Prague
1165,Plzeň-Líně Airport,Line,Czech Republic,,LKLN,49.675201416016,13.274600028992,1188,1,E,Europe/Prague
1166,Mnichovo Hradiště Airport,Mnichovo Hradiste,Czech Republic,,LKMH,50.5401992797852,15.0066003799438,800,1,E,Europe/Prague
1167,Ostrava Leos Janáček Airport,Ostrava,Czech Republic,OSR,LKMT,49.6963005065918,18.1110992431641,844,1,E,Europe/Prague
1168,Náměšť Air Base,Namest,Czech Republic,,LKNA,49.1657981872559,16.1249008178711,1548,1,E,Europe/Prague
1169,Pardubice Airport,Pardubice,Czech Republic,PED,LKPD,50.0134010314941,15.7385997772217,741,1,E,Europe/Prague
1170,Pribram Airport,Pribram,Czech Republic,,LKPM,49.7201,14.1006,1529,1,E,Europe/Prague
1171,Přerov Air Base,Prerov,Czech Republic,PRV,LKPO,49.4258003234863,17.4046993255615,676,1,E,Europe/Prague
1172,Václav Havel Airport Prague,Prague,Czech Republic,PRG,LKPR,50.1008,14.26,1247,1,E,Europe/Prague
1173,Brno-Tuřany Airport,Brno,Czech Republic,BRQ,LKTB,49.1512985229492,16.6944007873535,778,1,E,Europe/Prague
1174,Vodochody Airport,Vodochody,Czech Republic,VOD,LKVO,50.216599,14.3958,919,1,E,Europe/Prague
1175,Sazená Airport,Sazena,Czech Republic,,LKSZ,50.3246994019,14.2588996887,761,1,E,Europe/Prague
1176,Benešov Airport,Benesov,Czech Republic,,LKBE,49.7407989501953,14.644700050354,1319,1,U,Europe/Prague
1177,Roudnice Airport,Roudnice nad Lebem,Czech Republic,,LKRO,50.41059875,14.2261,732,1,E,Europe/Prague
1178,Usti Nad Labem Airfield,Usti Nad Labem,Czech Republic,,LKUL,50.699699,13.9697,791,1,E,Europe/Prague
1179,Letiště Vysoké Mýto,Vysoke Myto,Czech Republic,,LKVM,49.926899,16.185801,991,1,E,Europe/Prague
1180,Klatovy Airport,Klatovy,Czech Republic,,LKKT,49.4183006286621,13.3219003677368,1299,1,E,Europe/Prague
1181,Bubovice Airport,Bubovice,Czech Republic,,LKBU,49.9743995666504,14.1780996322632,1401,1,E,Europe/Prague
1182,Liepāja International Airport,Liepaja,Latvia,LPX,EVLA,56.5175018310547,21.0969009399414,16,2,E,Europe/Riga
1183,Riga International Airport,Riga,Latvia,RIX,EVRA,56.9235992431641,23.9710998535156,36,2,E,Europe/Riga
1184,Ventspils International Airport,Ventspils,Latvia,VNT,EVVA,57.35779953,21.5442008972,19,2,E,Europe/Riga
1185,Amendola Air Base,Amendola,Italy,,LIBA,41.541401,15.7181,183,1,E,Europe/Rome
1186,Crotone Airport,Crotone,Italy,CRV,LIBC,38.9972,17.0802,522,1,E,Europe/Rome
1187,Bari Karol Wojtyła Airport,Bari,Italy,BRI,LIBD,41.138901,16.760599,177,1,E,Europe/Rome
1188,"Foggia ""Gino Lisa"" Airport",Foggia,Italy,FOG,LIBF,41.432899,15.535,265,1,E,Europe/Rome
1189,"Taranto-Grottaglie ""Marcello Arlotta"" Airport",Grottaglie,Italy,TAR,LIBG,40.517502,17.4032,215,1,E,Europe/Rome
1190,Lecce Galatina Air Base,Lecce,Italy,LCC,LIBN,40.239201,18.133301,156,1,E,Europe/Rome
1191,Pescara International Airport,Pescara,Italy,PSR,LIBP,42.431702,14.1811,48,1,E,Europe/Rome
1192,Brindisi – Salento Airport,Brindisi,Italy,BDS,LIBR,40.6576,17.947001,47,1,E,Europe/Rome
1193,Gioia Del Colle Air Base,Gioia Del Colle,Italy,,LIBV,40.767799,16.9333,1187,1,E,Europe/Rome
1194,Lamezia Terme Airport,Lamezia,Italy,SUF,LICA,38.905399,16.2423,39,1,E,Europe/Rome
1195,Catania-Fontanarossa Airport,Catania,Italy,CTA,LICC,37.466801,15.0664,39,1,E,Europe/Rome
1196,Lampedusa Airport,Lampedusa,Italy,LMP,LICD,35.497898,12.6181,70,1,E,Europe/Rome
1197,Pantelleria Airport,Pantelleria,Italy,PNL,LICG,36.816502,11.9689,628,1,E,Europe/Rome
1198,Falcone–Borsellino Airport,Palermo,Italy,PMO,LICJ,38.175999,13.091,65,1,E,Europe/Rome
1199,Palermo-Boccadifalco Airport,Palermo,Italy,,LICP,38.110802,13.3133,345,1,E,Europe/Rome
1200,Reggio Calabria Airport,Reggio Calabria,Italy,REG,LICR,38.071201,15.6516,96,1,E,Europe/Rome
1201,Vincenzo Florio Airport Trapani-Birgi,Trapani,Italy,TPS,LICT,37.9114,12.488,25,1,E,Europe/Rome
1202,Sigonella Navy Air Base,Sigonella,Italy,NSY,LICZ,37.401699,14.9224,79,1,E,Europe/Rome
1203,Alghero-Fertilia Airport,Alghero,Italy,AHO,LIEA,40.632099,8.29077,87,1,E,Europe/Rome
1204,Decimomannu Air Base,Decimomannu,Italy,DCI,LIED,39.354198,8.97248,100,1,E,Europe/Rome
1205,Cagliari Elmas Airport,Cagliari,Italy,CAG,LIEE,39.251499,9.05428,13,1,E,Europe/Rome
1206,Olbia Costa Smeralda Airport,Olbia,Italy,OLB,LIEO,40.898701,9.51763,37,1,E,Europe/Rome
1207,Tortolì Airport,Tortoli,Italy,TTB,LIET,39.9188,9.68298,23,1,E,Europe/Rome
1208,Torino-Aeritalia Airport,Turin,Italy,,LIMA,45.086399,7.60337,943,1,E,Europe/Rome
1209,Milano-Bresso Airfield,Milano,Italy,,LIMB,45.542198,9.20333,484,1,E,Europe/Rome
1210,Malpensa International Airport,Milano,Italy,MXP,LIMC,45.6306,8.72811,768,1,E,Europe/Rome
1211,Il Caravaggio International Airport,Bergamo,Italy,BGY,LIME,45.673901,9.70417,782,1,E,Europe/Rome
1212,Turin Airport,Torino,Italy,TRN,LIMF,45.200802,7.64963,989,1,E,Europe/Rome
1213,Villanova D'Albenga International Airport,Albenga,Italy,ALL,LIMG,44.050598,8.12743,148,1,E,Europe/Rome
1214,Genoa Cristoforo Colombo Airport,Genoa,Italy,GOA,LIMJ,44.4133,8.8375,13,1,E,Europe/Rome
1215,Milano Linate Airport,Milan,Italy,LIN,LIML,45.445099,9.27674,353,1,E,Europe/Rome
1216,Cameri Air Base [MIL],Cameri,Italy,,LIMN,45.529598,8.66922,586,1,E,Europe/Rome
1217,Parma Airport,Parma,Italy,PMF,LIMP,44.824501,10.2964,161,1,E,Europe/Rome
1218,Piacenza San Damiano Air Base,Piacenza,Italy,,LIMS,44.913102,9.723322,456,1,E,Europe/Rome
1219,Cuneo International Airport,Cuneo,Italy,CUF,LIMZ,44.547001,7.62322,1267,1,E,Europe/Rome
1220,Aviano Air Base,Aviano,Italy,AVB,LIPA,46.031898,12.596503,410,1,E,Europe/Rome
1221,Bolzano Airport,Bolzano,Italy,BZO,LIPB,46.460201,11.3264,789,1,E,Europe/Rome
1222,Cervia Air Base,Cervia,Italy,,LIPC,44.224201,12.3072,18,1,E,Europe/Rome
1223,Bologna Guglielmo Marconi Airport,Bologna,Italy,BLQ,LIPE,44.5354,11.2887,123,1,E,Europe/Rome
1224,Treviso-Sant'Angelo Airport,Treviso,Italy,TSF,LIPH,45.648399,12.1944,59,1,E,Europe/Rome
1225,Rivolto Air Base,Rivolto,Italy,,LIPI,45.978699,13.0493,179,1,E,Europe/Rome
1226,Forlì Airport,Forli,Italy,FRL,LIPK,44.194801,12.0701,97,1,E,Europe/Rome
1227,Ghedi Air Base,Ghedi,Italy,,LIPL,45.432201,10.2677,333,1,E,Europe/Rome
1228,Verona-Boscomantico Airport,Verona,Italy,,LIPN,45.472,10.9279,286,1,E,Europe/Rome
1229,Brescia Airport,Brescia,Italy,VBS,LIPO,45.428902,10.3306,355,1,E,Europe/Rome
1230,Trieste–Friuli Venezia Giulia Airport,Ronchi De Legionari,Italy,TRS,LIPQ,45.827499,13.4722,39,1,E,Europe/Rome
1231,Federico Fellini International Airport,Rimini,Italy,RMI,LIPR,44.020302,12.6117,40,1,E,Europe/Rome
1232,Istrana Air Base,Treviso,Italy,,LIPS,45.684898,12.0829,137,1,E,Europe/Rome
1233,Vicenza Airport,Vicenza,Italy,VIC,LIPT,45.573399,11.5295,128,1,E,Europe/Rome
1234,Padova Airport,Padova,Italy,QPA,LIPU,45.395802,11.8479,44,1,E,Europe/Rome
1235,Verona Villafranca Airport,Villafranca,Italy,VRN,LIPX,45.395699,10.8885,239,1,E,Europe/Rome
1236,Venice Marco Polo Airport,Venice,Italy,VCE,LIPZ,45.505299,12.3519,7,1,E,Europe/Rome
1237,Siena-Ampugnano Airport,Siena,Italy,SAY,LIQS,43.256302,11.255,634,1,E,Europe/Rome
1238,Ciampino–G. B. Pastine International Airport,Rome,Italy,CIA,LIRA,41.7994,12.5949,427,1,E,Europe/Rome
1239,Pratica Di Mare Air Base,Pratica Di Mare,Italy,,LIRE,41.654499,12.4452,41,1,E,Europe/Rome
1240,Leonardo da Vinci–Fiumicino Airport,Rome,Italy,FCO,LIRF,41.8002778,12.2388889,13,1,E,Europe/Rome
1241,Guidonia Air Base,Guidonia,Italy,,LIRG,41.990299,12.7408,289,1,E,Europe/Rome
1242,Marina Di Campo Airport,Marina Di Campo,Italy,EBA,LIRJ,42.7603,10.2394,31,1,E,Europe/Rome
1243,Latina Air Base,Latina,Italy,QLT,LIRL,41.5424,12.909,94,1,E,Europe/Rome
1244,Grazzanise Air Base,Grazzanise,Italy,,LIRM,41.060799,14.0819,29,1,E,Europe/Rome
1245,Naples International Airport,Naples,Italy,NAP,LIRN,40.886002,14.2908,294,1,E,Europe/Rome
1246,Pisa International Airport,Pisa,Italy,PSA,LIRP,43.683899,10.3927,6,1,E,Europe/Rome
1247,Peretola Airport,Florence,Italy,FLR,LIRQ,43.810001,11.2051,142,1,E,Europe/Rome
1248,Grosseto Air Base,Grosseto,Italy,GRS,LIRS,42.759701,11.0719,17,1,E,Europe/Rome
1249,Urbe Airport,Rome,Italy,,LIRU,41.9519,12.4989,55,1,E,Europe/Rome
1250,Viterbo Airport,Viterbo,Italy,,LIRV,42.430199,12.0642,992,1,E,Europe/Rome
1251,Perugia San Francesco d'Assisi – Umbria International Airport,Perugia,Italy,PEG,LIRZ,43.095901,12.5132,697,1,E,Europe/Rome
1252,Ancona Falconara Airport,Ancona,Italy,AOI,LIPY,43.616299,13.3623,49,1,E,Europe/Rome
1253,Aosta Airport,Aosta,Italy,AOT,LIMW,45.738499,7.36872,1791,1,E,Europe/Rome
1254,Salerno Costa d'Amalfi Airport,Salerno,Italy,QSR,LIRI,40.620399,14.9113,119,1,E,Europe/Rome
1255,Venice-Lido Airport,Venice,Italy,,LIPV,45.428299,12.3881,13,1,E,Europe/Rome
1256,Oristano-Fenosu Airport,Oristano,Italy,FNU,LIER,39.895308,8.642661,36,1,E,Europe/Rome
1257,Como (Idroscalo - Water Ad) Hidroport,Como,Italy,,LILY,45.814701,9.06972,663,1,E,Europe/Rome
1258,Comiso Airport,Comiso,Italy,CIY,LICB,36.994601,14.607182,623,1,E,Europe/Rome
1259,Astrakhan Airport,Astrakhan,Russia,ASF,URWA,46.2832984924,48.0063018799,-65,4,N,Europe/Samara
1260,Kurumoch International Airport,Samara,Russia,KUF,UWWW,53.504901885986,50.16429901123,477,4,N,Europe/Samara
1261,Izhevsk Airport,Izhevsk,Russia,IJK,USII,56.8280982971191,53.4575004577637,531,4,N,Europe/Samara
1262,Ulyanovsk East Airport,Ulyanovsk,Russia,ULY,UWLW,54.4010009765625,48.8027000427246,252,4,N,Europe/Samara
1263,Ulyanovsk Baratayevka Airport,Ulyanovsk,Russia,ULV,UWLL,54.2682991028,48.2266998291,463,4,N,Europe/Samara
1264,Mostar International Airport,Mostar,Bosnia and Herzegovina,OMO,LQMO,43.282901763916,17.8458995819092,156,1,E,Europe/Sarajevo
1265,Sarajevo International Airport,Sarajevo,Bosnia and Herzegovina,SJJ,LQSA,43.8246002197266,18.3314990997314,1708,1,E,Europe/Sarajevo
1266,Banja Luka International Airport,Banja Luka,Bosnia and Herzegovina,BNX,LQBK,44.9413986206055,17.2975006103516,400,1,E,Europe/Sarajevo
1267,Tuzla International Airport,,Bosnia and Herzegovina,TZL,LQTZ,44.4586982727051,18.7248001098633,784,1,E,Europe/Sarajevo
1268,Simferopol International Airport,Simferopol,Ukraine,SIP,UKFF,45.0522003173828,33.9751014709473,639,3,E,Europe/Simferopol
1269,Belbek Airport,Sevastopol,Ukraine,UKS,UKFB,44.688999176,33.5709991455,344,3,U,Europe/Simferopol
1270,Kerch Airport,Kerch,Ukraine,KHC,UKFK,45.372501373291,36.4014015197754,171,3,E,Europe/Simferopol
1271,Ohrid St. Paul the Apostle Airport,Ohrid,Macedonia,OHD,LWOH,41.18,20.7423,2313,1,E,Europe/Skopje
1272,Skopje Alexander the Great Airport,Skopje,Macedonia,SKP,LWSK,41.961601,21.621401,781,1,E,Europe/Skopje
1273,Burgas Airport,Bourgas,Bulgaria,BOJ,LBBG,42.5695991516113,27.5151996612549,135,2,E,Europe/Sofia
1274,Gorna Oryahovitsa Airport,Gorna Orechovica,Bulgaria,GOZ,LBGO,43.1514015197754,25.7129001617432,285,2,E,Europe/Sofia
1275,Plovdiv International Airport,Plovdiv,Bulgaria,PDV,LBPD,42.067799,24.8508,597,2,E,Europe/Sofia
1276,Sofia Airport,Sofia,Bulgaria,SOF,LBSF,42.6966934204102,23.4114360809326,1742,2,E,Europe/Sofia
1277,Stara Zagora Airport,Stara Zagora,Bulgaria,SZR,LBSZ,42.3766667,25.655,558,2,E,Europe/Sofia
1278,Varna Airport,Varna,Bulgaria,VAR,LBWN,43.232101,27.8251,230,2,E,Europe/Sofia
1279,Malmen Air Base,Linkoeping,Sweden,,ESCF,58.4023017883301,15.5256996154785,308,1,E,Europe/Stockholm
1280,Bråvalla Air Base,Norrkoeping,Sweden,,ESCK,58.6109008789063,16.1035995483398,90,1,E,Europe/Stockholm
1281,Uppsala Airport,Uppsala,Sweden,,ESCM,59.8973007202148,17.5886001586914,68,1,E,Europe/Stockholm
1282,Ronneby Airport,Ronneby,Sweden,RNB,ESDF,56.266700744629,15.265000343323,191,1,E,Europe/Stockholm
1283,Råda Air Base,Rada,Sweden,,ESFR,58.4981002807617,13.0531997680664,230,1,E,Europe/Stockholm
1284,Gothenburg-Landvetter Airport,Gothenborg,Sweden,GOT,ESGG,57.662799835205,12.279800415039,506,1,E,Europe/Stockholm
1285,Jönköping Airport,Joenkoeping,Sweden,JKG,ESGJ,57.7575988769531,14.068699836731,741,1,E,Europe/Stockholm
1286,Falköping Airport,Falkoping,Sweden,,ESGK,58.1697998046875,13.5878000259399,785,1,E,Europe/Stockholm
1287,Lidköping-Hovby Airport,Lidkoping,Sweden,LDK,ESGL,58.4655,13.1744,200,1,E,Europe/Stockholm
1288,Gothenburg City Airport,Gothenborg,Sweden,GSE,ESGP,57.7747,11.8704,59,1,E,Europe/Stockholm
1289,Skövde Airport,Skovde,Sweden,KVB,ESGR,58.4564018249512,13.9727001190186,324,1,E,Europe/Stockholm
1290,Trollhättan-Vänersborg Airport,Trollhattan,Sweden,THN,ESGT,58.3180999755859,12.3450002670288,137,1,E,Europe/Stockholm
1291,Karlsborg Air Base,Karlsborg,Sweden,,ESIA,58.513801574707,14.5071001052856,308,1,E,Europe/Stockholm
1292,Såtenäs Air Base,Satenas,Sweden,,ESIB,58.426399230957,12.7144002914429,181,1,E,Europe/Stockholm
1293,Barkarby Airport,Stockholm,Sweden,,ESKB,59.4144743644,17.8821372986,50,1,E,Europe/Stockholm
1294,Karlskoga Airport,Karlskoga,Sweden,KSK,ESKK,59.3459014892578,14.4959001541138,400,1,E,Europe/Stockholm
1295,Mora Airport,Mora,Sweden,MXX,ESKM,60.957901,14.5114,634,1,E,Europe/Stockholm
1296,Stockholm Skavsta Airport,Stockholm,Sweden,NYO,ESKN,58.7886009216309,16.9122009277344,140,1,E,Europe/Stockholm
1297,Arvika Airport,Arvika,Sweden,,ESKV,59.6759,12.6394,237,1,E,Europe/Stockholm
1298,Emmaboda Airfield,Emmaboda,Sweden,,ESMA,56.610802,15.6048,442,1,E,Europe/Stockholm
1299,Feringe Airport,Ljungby,Sweden,,ESMG,56.9502983093,13.9216995239,538,1,E,Europe/Stockholm
1300,Kristianstad Airport,Kristianstad,Sweden,KID,ESMK,55.9216995239258,14.0854997634888,76,1,E,Europe/Stockholm
1301,Landskrona Airport,Landskrona,Sweden,,ESML,55.9459991455078,12.8699998855591,194,1,E,Europe/Stockholm
1302,Oskarshamn Airport,Oskarshamn,Sweden,OSK,ESMO,57.350498,16.497999,96,1,E,Europe/Stockholm
1303,Anderstorp Airport,Anderstorp,Sweden,,ESMP,57.2641983032227,13.5993995666504,507,1,E,Europe/Stockholm
1304,Kalmar Airport,Kalkmar,Sweden,KLR,ESMQ,56.6855010986328,16.2875995635986,17,1,E,Europe/Stockholm
1305,Malmö Sturup Airport,Malmoe,Sweden,MMX,ESMS,55.536305364,13.3761978149,236,1,E,Europe/Stockholm
1306,Halmstad Airport,Halmstad,Sweden,HAD,ESMT,56.6911010742188,12.8201999664307,101,1,E,Europe/Stockholm
1307,Hagshult Air Base,Hagshult,Sweden,,ESMV,57.292198,14.1372,556,1,E,Europe/Stockholm
1308,Växjö Kronoberg Airport,Vaxjo,Sweden,VXO,ESMX,56.9291000366211,14.7279996871948,610,1,E,Europe/Stockholm
1309,Hallviken Airport,Hallviken,Sweden,,ESNA,63.7383003234863,15.4582996368408,1119,1,E,Europe/Stockholm
1310,Hedlanda Airport,Hede,Sweden,,ESNC,62.4089012146,13.7472000122,1460,1,E,Europe/Stockholm
1311,Sveg Airport,Sveg,Sweden,EVG,ESND,62.0477981567383,14.4229001998901,1178,1,E,Europe/Stockholm
1312,Gällivare Airport,Gallivare,Sweden,GEV,ESNG,67.1324005126953,20.8145999908447,1027,1,E,Europe/Stockholm
1313,Hudiksvall Airport,Hudiksvall,Sweden,HUV,ESNH,61.7681007385,17.0806999207,95,1,E,Europe/Stockholm
1314,Jokkmokk Airport,Jokkmokk,Sweden,,ESNJ,66.4962005615234,20.1471996307373,904,1,E,Europe/Stockholm
1315,Kramfors Sollefteå Airport,Kramfors,Sweden,KRF,ESNK,63.0485992431641,17.7688999176025,34,1,E,Europe/Stockholm
1316,Lycksele Airport,Lycksele,Sweden,LYC,ESNL,64.5483016967773,18.7161998748779,705,1,E,Europe/Stockholm
1317,Optand Airport,Optand,Sweden,,ESNM,63.1286010742188,14.8028001785278,1236,1,E,Europe/Stockholm
1318,Sundsvall-Härnösand Airport,Sundsvall,Sweden,SDL,ESNN,62.5280990600586,17.4438991546631,16,1,E,Europe/Stockholm
1319,Örnsköldsvik Airport,Ornskoldsvik,Sweden,OER,ESNO,63.4082984924316,18.9899997711182,354,1,E,Europe/Stockholm
1320,Piteå Airport,Pitea,Sweden,,ESNP,65.3983001708984,21.260799407959,43,1,E,Europe/Stockholm
1321,Kiruna Airport,Kiruna,Sweden,KRN,ESNQ,67.821998596191,20.336799621582,1508,1,E,Europe/Stockholm
1322,Orsa Airport,Orsa,Sweden,,ESNR,61.189998626709,14.7125997543335,683,1,E,Europe/Stockholm
1323,Skellefteå Airport,Skelleftea,Sweden,SFT,ESNS,64.6248016357422,21.0769004821777,157,1,E,Europe/Stockholm
1324,Sättna Airport,Sattna,Sweden,,ESNT,62.4814,17.002899,886,1,E,Europe/Stockholm
1325,Umeå Airport,Umea,Sweden,UME,ESNU,63.791801452637,20.282800674438,24,1,E,Europe/Stockholm
1326,Vilhelmina Airport,Vilhelmina,Sweden,VHM,ESNV,64.5791015625,16.8335990905762,1140,1,E,Europe/Stockholm
1327,Arvidsjaur Airport,Arvidsjaur,Sweden,AJR,ESNX,65.5903015136719,19.2819004058838,1245,1,E,Europe/Stockholm
1328,Örebro Airport,Orebro,Sweden,ORB,ESOE,59.2237014770508,15.0380001068115,188,1,E,Europe/Stockholm
1329,Stockholm Västerås Airport,Vasteras,Sweden,VST,ESOW,59.5894012451172,16.6336002349854,21,1,E,Europe/Stockholm
1330,Luleå Airport,Lulea,Sweden,LLA,ESPA,65.543800354004,22.121999740601,65,1,E,Europe/Stockholm
1331,Vidsel Air Base,Vidsel,Sweden,,ESPE,65.8752975463867,20.1499004364014,597,1,E,Europe/Stockholm
1332,Arboga Airport,Arboga,Sweden,,ESQO,59.3866004943848,15.9240999221802,33,1,E,Europe/Stockholm
1333,Stockholm-Arlanda Airport,Stockholm,Sweden,ARN,ESSA,59.651901245117,17.918600082397,137,1,E,Europe/Stockholm
1334,Stockholm-Bromma Airport,Stockholm,Sweden,BMA,ESSB,59.3544006347656,17.9416999816895,47,1,E,Europe/Stockholm
1335,Borlange Airport,Borlange,Sweden,BLE,ESSD,60.4220008850098,15.5151996612549,503,1,E,Europe/Stockholm
1336,Hultsfred Airport,Hultsfred,Sweden,HLF,ESSF,57.525799,15.8233,366,1,E,Europe/Stockholm
1337,Gävle Sandviken Airport,Gavle,Sweden,GVX,ESSK,60.5932998657227,16.9514007568359,224,1,E,Europe/Stockholm
1338,Linköping City Airport,Linkoeping,Sweden,LPI,ESSL,58.4062004089,15.6805000305,172,1,E,Europe/Stockholm
1339,Norrköping Airport,Norrkoeping,Sweden,NRK,ESSP,58.5862998962402,16.2506008148193,32,1,E,Europe/Stockholm
1340,Eskilstuna Airport,Eskilstuna,Sweden,EKT,ESSU,59.3511009216309,16.7084007263184,139,1,E,Europe/Stockholm
1341,Visby Airport,Visby,Sweden,VBY,ESSV,57.662799835205,18.346200942993,164,1,E,Europe/Stockholm
1342,Kalixfors Airport,Kalixfors,Sweden,,ESUK,67.7648010253906,20.2572002410889,1549,1,E,Europe/Stockholm
1343,Åre Östersund Airport,Östersund,Sweden,OSD,ESNZ,63.194400787354,14.50030040741,1233,1,E,Europe/Stockholm
1344,Hagfors Airport,Hagfors,Sweden,HFS,ESOH,60.0200996398926,13.5789003372192,474,1,E,Europe/Stockholm
1345,Karlstad Airport,Karlstad,Sweden,KSD,ESOK,59.4446983337,13.3374004364,352,1,E,Europe/Stockholm
1346,Torsby Airport,Torsby,Sweden,TYF,ESST,60.1576004028,12.9912996292,393,1,E,Europe/Stockholm
1347,Ängelholm-Helsingborg Airport,Ängelholm,Sweden,AGH,ESTA,56.2961006164551,12.8471002578735,68,1,E,Europe/Stockholm
1348,Storuman Airport,Mohed,Sweden,SQO,ESUD,64.9608993530273,17.6965999603272,915,1,E,Europe/Stockholm
1349,Hemavan Airport,Hemavan,Sweden,HMV,ESUT,65.8060989379883,15.082799911499,1503,1,E,Europe/Stockholm
1350,Pajala Airport,Pajala,Sweden,PJA,ESUP,67.2455978393555,23.0688991546631,542,1,E,Europe/Stockholm
1351,Skå-Edeby Airport,Essen,Germany,,ESSE,59.345100402832,17.74049949646,0,1,E,Europe/Stockholm
1352,Färila Air Base,Farila,Sweden,,ESNF,61.897998809814,15.705300331116,0,1,E,Europe/Stockholm
1353,Söderhamn Airport,Soderhamn,Sweden,SOO,ESNY,61.2615013122559,17.099100112915,88,1,E,Europe/Stockholm
1354,Vängsö Airport,Vangso,Sweden,,ESSZ,59.1011009216309,17.2110996246338,0,1,E,Europe/Stockholm
1355,Ämari Air Base,Armari Air Force Base,Estonia,,EEEI,59.2602996826172,24.2084999084473,65,2,E,Europe/Tallinn
1356,Kärdla Airport,Kardla,Estonia,KDL,EEKA,58.9907989501953,22.8306999206543,18,2,E,Europe/Tallinn
1357,Kuressaare Airport,Kuressaare,Estonia,URE,EEKE,58.2299003601074,22.50950050354,14,2,E,Europe/Tallinn
1358,Pärnu Airport,Parnu,Estonia,EPU,EEPU,58.4189987182617,24.4727993011475,47,2,E,Europe/Tallinn
1359,Lennart Meri Tallinn Airport,Tallinn-ulemiste International,Estonia,TLL,EETN,59.4132995605,24.8327999115,131,2,E,Europe/Tallinn
1360,Tartu Airport,Tartu,Estonia,TAY,EETU,58.3074989319,26.6903991699,219,2,E,Europe/Tallinn
1361,Kihnu Airfield,Kihnu,Estonia,,EEKU,58.1483001708984,24.0025005340576,10,2,U,Europe/Tallinn
1362,Ruhnu Airfield,Ruhnu,Estonia,,EERU,57.7839012145996,23.2660999298096,10,2,U,Europe/Tallinn
1363,Tallinn Linnahall Heliport,Tallinn,Estonia,,EECL,59.4486198425293,24.7532272338867,23,2,E,Europe/Tallinn
1364,Tirana International Airport Mother Teresa,Tirana,Albania,TIA,LATI,41.4146995544,19.7206001282,126,1,E,Europe/Tirane
1365,Balzers Heliport,Balzers,Switzerland,,LSXB,47.0681,9.48111,1585,1,E,Europe/Vaduz
1366,Wiener Neustadt East Airport,Wiener Neustadt Ost,Austria,,LOAN,47.8432998657227,16.2600994110107,896,1,E,Europe/Vienna
1367,Wels Airport,Wels,Austria,,LOLW,48.1833000183106,14.0409002304077,1043,1,E,Europe/Vienna
1368,Graz Airport,Graz,Austria,GRZ,LOWG,46.9911003112793,15.4395999908447,1115,1,E,Europe/Vienna
1369,Innsbruck Airport,Innsbruck,Austria,INN,LOWI,47.260201,11.344,1907,1,E,Europe/Vienna
1370,Linz Hörsching Airport,Linz,Austria,LNZ,LOWL,48.2332,14.1875,980,1,E,Europe/Vienna
1371,Salzburg Airport,Salzburg,Austria,SZG,LOWS,47.7933006287,13.0043001175,1411,1,E,Europe/Vienna
1372,Vienna International Airport,Vienna,Austria,VIE,LOWW,48.110298156738,16.569700241089,600,1,E,Europe/Vienna
1373,Hinterstoisser Air Base,Zeltweg,Austria,,LOXZ,47.202801,14.7442,2264,1,E,Europe/Vienna
1374,Klagenfurt Airport,Klagenfurt,Austria,KLU,LOWK,46.642502,14.3377,1472,1,E,Europe/Vienna
1375,Niederoeblarn Airport,Niederoeblarn,Austria,,LOGO,47.478298,14.0083,2142,1,E,Europe/Vienna
1376,Vöslau Airport,Bad Voeslau,Austria,,LOAV,47.9650001525879,16.2600002288818,765,1,E,Europe/Vienna
1377,Hohenems-Dornbirn Airport,Hohenems,Austria,HOH,LOIH,47.3849983215,9.69999980927,1352,1,E,Europe/Vienna
1378,Krems Airport,Krems,Austria,,LOAG,48.446389,15.634167,1017,1,E,Europe/Vienna
1379,Zell Am See Airport,Zell am See,Austria,,LOWZ,47.292222,12.7875,2470,1,E,Europe/Vienna
1380,Brumowski  Air Base,Tulln,Austria,,LOXT,48.3167,16.116699,574,1,U,Europe/Vienna
1381,Flugplatz Punitz,Punitz-Guessing,Austria,,LOGG,47.14653,16.316843,950,1,E,Europe/Vienna
1382,Mauterndorf Airport,Mauterndorf,Austria,,LOSM,47.1324996948242,13.6969003677368,3642,1,E,Europe/Vienna
1383,Nötsch Im Gailtal Airport,Notsch Im Gailtal,Austria,,LOKN,46.5811004638672,13.6291999816895,1801,1,E,Europe/Vienna
1384,St. Johann In Tirol Airport,St. Johann in Tirol,Austria,,LOIJ,47.5201,12.4497,2198,1,E,Europe/Vienna
1385,Šiauliai International Airport,Siauliai,Lithuania,SQQ,EYSA,55.8939018249512,23.3950004577637,443,2,E,Europe/Vilnius
1386,Barysiai Airport,Barysiai,Lithuania,HLJ,EYSB,56.0705986022949,23.5580997467041,270,2,E,Europe/Vilnius
1387,Kaunas International Airport,Kaunas,Lithuania,KUN,EYKA,54.9639015197754,24.0848007202148,256,2,E,Europe/Vilnius
1388,S. Darius and S. Girėnas Airfield,Kaunas,Lithuania,,EYKS,54.879799,23.8815,246,2,E,Europe/Vilnius
1389,Palanga International Airport,Palanga,Lithuania,PLQ,EYPA,55.973201751709,21.093900680542,33,2,E,Europe/Vilnius
1390,Vilnius International Airport,Vilnius,Lithuania,VNO,EYVI,54.634102,25.285801,648,2,E,Europe/Vilnius
1391,Panevėžys Air Base,Panevezys,Lithuania,PNV,EYPP,55.7294006347656,24.4608001708984,197,2,E,Europe/Vilnius
1392,Paluknys Airport,Paluknys,Lithuania,,EYVP,54.4848480224609,24.9873733520508,400,2,E,Europe/Vilnius
1393,Babice Airport,Warsaw,Poland,,EPBC,52.2685012817383,20.9109992980957,352,1,E,Europe/Warsaw
1394,Gdańsk Lech Wałęsa Airport,Gdansk,Poland,GDN,EPGD,54.3776016235352,18.4661998748779,489,1,E,Europe/Warsaw
1395,Kraków John Paul II International Airport,Krakow,Poland,KRK,EPKK,50.077702,19.7848,791,1,E,Europe/Warsaw
1396,Muchowiec Airport,Katowice,Poland,,EPKM,50.2380981445313,19.034200668335,909,1,E,Europe/Warsaw
1397,Katowice International Airport,Katowice,Poland,KTW,EPKT,50.4743,19.08,995,1,E,Europe/Warsaw
1398,Mielec Airport,Mielec,Poland,,EPML,50.3222999572754,21.4620990753174,548,1,E,Europe/Warsaw
1399,Poznań-Ławica Airport,Poznan,Poland,POZ,EPPO,52.4210014343,16.8262996674,308,1,E,Europe/Warsaw
1400,Rzeszów-Jasionka Airport,Rzeszow,Poland,RZE,EPRZ,50.1100006104,22.0189990997,675,1,E,Europe/Warsaw
1401,"Szczecin-Goleniów ""Solidarność"" Airport",Szczecin,Poland,SZZ,EPSC,53.5847015381,14.9021997452,154,1,E,Europe/Warsaw
1402,Redzikowo Air Base,Slupsk,Poland,OSP,EPSK,54.4789009094238,17.1075000762939,217,1,E,Europe/Warsaw
1403,Swidwin Military Air Base,Shapaja,Poland,,EPSN,53.790599823,15.8262996674,385,1,E,Europe/Warsaw
1404,Warsaw Chopin Airport,Warsaw,Poland,WAW,EPWA,52.1656990051,20.9671001434,362,1,E,Europe/Warsaw
1405,Copernicus Wrocław Airport,Wroclaw,Poland,WRO,EPWR,51.1026992798,16.885799408,404,1,E,Europe/Warsaw
1406,Zielona Góra-Babimost Airport,Zielona Gora,Poland,IEG,EPZG,52.1385002136,15.7986001968,194,1,E,Europe/Warsaw
1407,Bydgoszcz Ignacy Jan Paderewski Airport,Bydgoszcz,Poland,BZG,EPBY,53.0968017578,17.9776992798,235,1,E,Europe/Warsaw
1408,Łódź Władysław Reymont Airport,Lodz,Poland,LCJ,EPLL,51.7219009399,19.3980998993,604,1,E,Europe/Warsaw
1409,Szczecin-Dąbie Airport,Szczecin,Poland,,EPSD,53.3921012878418,14.6337995529175,3,1,E,Europe/Warsaw
1410,Bielsko Biala Airport,Bielsko-Biala,Poland,,EPBA,49.8050003051758,19.0018997192383,1319,1,E,Europe/Warsaw
1411,Lotnisko Korne,Koszalin,Poland,,EPKO,54.129583,17.844972,515,1,E,Europe/Warsaw
1412,Oksywie Military Air Base,Gdynia,Poland,QYD,EPOK,54.57970047,18.51720047,144,1,E,Europe/Warsaw
1413,Malbork Military Air Base,Malbork,Poland,,EPMB,54.0269012451,19.1341991425,16,1,E,Europe/Warsaw
1414,Lask Military Air Base,Lask,Poland,,EPLK,51.551700592,19.1791000366,633,1,E,Europe/Warsaw
1415,Miroslawiec Military Air Base,Miroslawiec,Poland,,EPMI,53.3950996399,16.0827999115,459,1,E,Europe/Warsaw
1416,Krzesiny Military Air Base,Poznan,Poland,,EPKS,52.3316993713,16.9664001465,265,1,E,Europe/Warsaw
1417,Radom Airport,RADOM,Poland,RDO,EPRA,51.3891983032,21.213300705,610,1,E,Europe/Warsaw
1418,Modlin Airport,Warsaw,Poland,WMI,EPMO,52.451099,20.6518,341,1,E,Europe/Warsaw
1419,Inowroclaw Military Air Base,Inowroclaw,Poland,,EPIR,52.8293991089,18.3306007385,259,1,E,Europe/Warsaw
1420,Pruszcz Gdanski Air Base,Pruszcz Gdansk,Poland,,EPPR,54.248001,18.6716,21,1,E,Europe/Warsaw
1421,Góraszka Airport,Goraszka,Poland,,EPGO,52.184440612793,21.2811107635498,361,1,E,Europe/Warsaw
1422,Lublin Airport,Lublin,Poland,LUZ,EPLB,51.240278,22.713611,633,1,E,Europe/Warsaw
1423,Dubrovnik Airport,Dubrovnik,Croatia,DBV,LDDU,42.5614013671875,18.2681999206543,527,1,E,Europe/Zagreb
1424,Osijek-Čepin Airfield,Cepin,Croatia,,LDOC,45.5427778,18.6319444,299,1,E,Europe/Zagreb
1425,Osijek Airport,Osijek,Croatia,OSI,LDOS,45.4626998901367,18.8101997375488,290,1,E,Europe/Zagreb
1426,Pula Airport,Pula,Croatia,PUY,LDPL,44.8935012817383,13.9222002029419,274,1,E,Europe/Zagreb
1427,Grobnicko Polje Airport,Grobnik,Croatia,,LDRG,45.3795013427734,14.5038003921509,951,1,E,Europe/Zagreb
1428,Rijeka Airport,Rijeka,Croatia,RJK,LDRI,45.2168998718262,14.5703001022339,278,1,E,Europe/Zagreb
1429,Split Airport,Split,Croatia,SPU,LDSP,43.5388984680176,16.2980003356934,79,1,E,Europe/Zagreb
1430,Varaždin Airport,Varazdin,Croatia,,LDVA,46.2946472167969,16.3829326629639,548,1,E,Europe/Zagreb
1431,Zagreb Airport,Zagreb,Croatia,ZAG,LDZA,45.7429008484,16.0687999725,353,1,E,Europe/Zagreb
1432,Zadar Airport,Zadar,Croatia,ZAD,LDZD,44.108299,15.3467,289,1,E,Europe/Zagreb
1433,Udbina Air Base,Udbina,Croatia,,LDZU,44.5575981140137,15.7743997573853,2462,1,E,Europe/Zagreb
1434,Bol Airport,Brac,Croatia,BWK,LDSB,43.285701751709,16.6797008514404,1776,1,E,Europe/Zagreb
1435,Lošinj Island Airport,Mali Losinj,Croatia,LSZ,LDLO,44.5657997131,14.3930997849,151,1,E,Europe/Zagreb
1436,Les Eplatures Airport,Les Eplatures,Switzerland,,LSGC,47.0839004517,6.79284000397,3368,1,E,Europe/Zurich
1437,Saanen Airport,Saanen,Switzerland,,LSGK,46.4874992371,7.25083017349,3307,1,E,Europe/Zurich
1438,Sion Airport,Sion,Switzerland,SIR,LSGS,46.2196006775,7.32675981522,1585,1,E,Europe/Zurich
1439,Alpnach Air Base,Alpnach,Switzerland,,LSMA,46.943901,8.28417,1460,1,E,Europe/Zurich
1440,Dübendorf Air Base,Dubendorf,Switzerland,,LSMD,47.398601532,8.648229599,1470,1,E,Europe/Zurich
1441,Emmen Air Base,Emmen,Switzerland,EML,LSME,47.092444,8.305184,1400,1,E,Europe/Zurich
1442,Mollis Airport,Mollis,Switzerland,,LSMF,47.0788993835449,9.06482982635498,1485,1,E,Europe/Zurich
1443,Meiringen Airport,Meiringen,Switzerland,,LSMM,46.7433013916016,8.10999965667725,1895,1,E,Europe/Zurich
1444,Payerne Air Base,Payerne,Switzerland,,LSMP,46.8432,6.91506004333,1465,1,E,Europe/Zurich
1445,Lugano Airport,Lugano,Switzerland,LUG,LSZA,46.0042991638,8.9105796814,915,1,E,Europe/Zurich
1446,Bern Belp Airport,Bern,Switzerland,BRN,LSZB,46.914100647,7.49714994431,1674,1,E,Europe/Zurich
1447,Grenchen Airport,Grenchen,Switzerland,ZHI,LSZG,47.181599,7.41719,1411,1,E,Europe/Zurich
1448,Zürich Airport,Zurich,Switzerland,ZRH,LSZH,47.464699,8.54917,1416,1,E,Europe/Zurich
1449,St Gallen Altenrhein Airport,Altenrhein,Switzerland,ACH,LSZR,47.4850006104,9.56077003479,1306,1,E,Europe/Zurich
1450,Samedan Airport,Samedan,Switzerland,SMV,LSZS,46.5340995788574,9.88411045074463,5600,1,E,Europe/Zurich
1451,La Côte Airport,Prangins,Switzerland,,LSGP,46.4063987731934,6.25805997848511,1352,1,E,Europe/Zurich
1452,Yverdon-les-Bains Airport,Yverdon-Les-Bains,Switzerland,,LSGY,46.7619018555,6.61332988739,1421,1,E,Europe/Zurich
1453,Raron Airport,Raron,Switzerland,,LSTA,46.3036003112793,7.82332992553711,2029,1,E,Europe/Zurich
1454,Amlikon Glider Airport,Amlikon,Switzerland,,LSPA,47.5741996765137,9.04749965667725,1371,1,E,Europe/Zurich
1455,Lommis Airfield,Lommis,Switzerland,,LSZT,47.524399,9.00306,1539,1,E,Europe/Zurich
1456,Triengen Airport,Triengen,Switzerland,,LSPN,47.2266998291016,8.07806015014648,1594,1,E,Europe/Zurich
1457,Lausanne-Blécherette Airport,Lausanne,Switzerland,QLS,LSGL,46.54529953,6.61667013168,2041,1,E,Europe/Zurich
1458,Speck-Fehraltorf Airport,Fehraltorf,Switzerland,,LSZK,47.3763999938965,8.75749969482422,1748,1,E,Europe/Zurich
1459,Locarno Airport,Locarno,Switzerland,ZJI,LSZL,46.1608009338,8.87860965729,650,1,E,Europe/Zurich
1460,Neuchatel Airport,Neuchatel,Switzerland,QNC,LSGN,46.9575004578,6.86471986771,1427,1,E,Europe/Zurich
1461,Biel-Kappelen Airport,Biel,Switzerland,,LSZP,47.0891990661621,7.28999996185303,1437,1,E,Europe/Zurich
1462,Birrfeld Airport,Birrfeld,Switzerland,,LSZF,47.4436,8.23361,1300,1,E,Europe/Zurich
1463,Interlaken Air Base,Interlaken,Switzerland,ZIN,LSMI,46.6766014,7.8790798,0,1,E,Europe/Zurich
1464,Ecuvillens Airport,Ecuvillens,Switzerland,,LSGE,46.7550010681152,7.07610988616943,2293,1,E,Europe/Zurich
1465,Wangen-Lachen Airport,Wangen-Lachen,Switzerland,,LSPV,47.2047,8.8675,1335,1,U,Europe/Zurich
1466,Courtelary Airport,Courtelary ,Switzerland,,LSZJ,47.1836013793945,7.09082984924316,2247,1,E,Europe/Zurich
1467,St Stephan Airport,St.Stephan,Switzerland,,LSTS,46.4973983764648,7.41256999969482,3304,1,E,Europe/Zurich
1468,Olten Airport,Olten,Switzerland,,LSPO,47.3443984985352,7.88944005966187,0,1,E,Europe/Zurich
1469,Buochs Airport,Buochs,Switzerland,BXO,LSZC,46.974444,8.396944,1475,1,E,Europe/Zurich
1470,Ambri Airport,Quinto,Switzerland,,LSPM,46.512501,8.68978,3241,1,E,Europe/Zurich
1471,Lodrino Air Base,Lodrino,Switzerland,,LSML,46.2958984375,8.99213027954102,0,1,E,Europe/Zurich
1472,Reichenbach Air Base,Reichenbach im Kandertal,Switzerland,,LSGR,46.6136016845703,7.67778015136719,2385,1,E,Europe/Zurich
